Type,Air temperature [K],Process temperature [K],Rotational speed [rpm],Torque [Nm],Tool wear [min],temp_diff,estimated_power,Actual Failure,Predicted Failure,Failure Probability,Risk Category
0,301.0,310.9,1296,54.9,69,9.899999999999975,7450.852464665841,0,0,0.001482621329853178,Low Risk
0,297.3,308.0,1447,49.0,61,10.699999999999989,7424.944797249236,0,0,0.000381391553745704,Low Risk
0,300.4,311.1,1397,50.8,189,10.700000000000044,7431.709693429966,0,0,0.005541717844758361,Low Risk
2,299.8,311.3,1785,25.4,139,11.5,4747.888977370255,0,0,0.0015438256622689387,Low Risk
0,302.3,311.5,1448,49.6,28,9.199999999999989,7521.056588498061,0,0,0.0003668205715785878,Low Risk
0,298.8,308.6,1872,22.5,82,9.800000000000011,4410.79608564007,0,0,0.002266277352600304,Low Risk
1,302.9,312.6,1394,46.4,82,9.700000000000044,6773.441312747786,0,0,0.001317585664833206,Low Risk
2,303.3,311.2,1607,31.7,34,7.899999999999977,5334.623293330196,0,0,0.0002498957259966047,Low Risk
0,299.4,309.0,1800,24.3,128,9.600000000000025,4580.442088933918,0,0,0.0010116720737011083,Low Risk
1,303.1,312.5,1766,26.7,157,9.399999999999975,4937.7668373532215,0,0,0.0007636312411175276,Low Risk
1,300.3,311.9,1429,41.6,184,11.599999999999966,6225.212450745343,0,0,0.001135093871897244,Low Risk
0,296.8,307.6,1434,48.3,138,10.800000000000011,7253.120623048899,0,0,0.0004978249324663239,Low Risk
1,298.1,308.9,1323,51.7,88,10.799999999999956,7162.7370024051215,0,0,0.00044020602580731273,Low Risk
0,298.5,308.7,1609,35.3,117,10.199999999999989,5947.841235359898,0,0,0.00027953650099198877,Low Risk
0,302.6,311.6,1453,37.0,135,9.0,5629.838754988029,0,0,0.00031972317045036113,Low Risk
0,301.2,310.4,1390,49.9,74,9.199999999999989,7263.466934854721,0,0,0.0004082960494402034,Low Risk
0,300.3,311.7,1571,31.2,123,11.399999999999975,5132.8597411411465,0,0,0.00036462918219419305,Low Risk
0,303.0,312.7,1551,41.8,111,9.699999999999989,6789.170219966759,0,0,0.00021873675849945845,Low Risk
1,301.2,310.6,1576,39.6,109,9.400000000000034,6535.518029115919,0,0,0.00020899837782111509,Low Risk
1,301.8,310.2,1437,42.3,0,8.399999999999977,6365.400786924031,0,0,0.013708874189236863,Low Risk
1,302.0,310.8,1445,46.3,17,8.800000000000011,7006.118136648157,0,0,0.0006865367058470654,Low Risk
1,296.9,307.9,1441,47.6,60,11.0,7182.895555265656,0,0,0.0004902802818258974,Low Risk
0,301.5,310.5,1593,32.9,155,9.0,5488.330949894832,0,0,0.0003047723757288011,Low Risk
0,300.7,310.5,1561,33.2,48,9.800000000000011,5427.122253027392,0,0,0.0002591205755872804,Low Risk
0,298.1,308.0,1638,35.1,38,9.899999999999975,6020.736656898695,0,0,0.00031426560984602366,Low Risk
1,303.4,311.4,1307,54.0,44,8.0,7390.910876835347,1,1,0.9505248449676578,High Risk
1,299.2,308.3,1755,26.4,19,9.100000000000025,4851.875694204075,0,0,0.001100302581256955,Low Risk
0,300.2,310.5,1416,46.7,90,10.300000000000011,6924.824190748766,0,0,0.0004339878294067421,Low Risk
2,297.6,308.4,1703,31.4,205,10.799999999999956,5599.805129219711,0,0,0.013989278376596713,Low Risk
1,300.3,311.1,1350,58.7,130,10.800000000000011,8298.516994457439,0,0,0.04565977355271103,Low Risk
0,299.4,308.9,1583,34.1,176,9.5,5652.803797285771,0,0,0.0003085491190274225,Low Risk
0,302.4,310.3,1923,23.3,172,7.900000000000034,4692.062875915964,0,0,0.007125042506739555,Low Risk
1,298.8,309.7,1480,38.1,157,10.899999999999975,5904.937551687375,0,0,0.0005782137571022036,Low Risk
2,299.1,308.3,1521,36.5,40,9.199999999999989,5813.674285100591,0,0,0.0024477764683273513,Low Risk
1,300.6,310.7,1388,42.9,190,10.099999999999966,6235.558762551164,0,0,0.0010509717011872774,Low Risk
0,301.5,310.3,1415,41.6,28,8.800000000000011,6164.223665363653,0,0,0.0005978746373600114,Low Risk
0,297.4,308.7,1433,43.4,116,11.300000000000011,6512.751954352903,0,0,0.0006013930828134524,Low Risk
1,302.5,311.0,1387,52.1,116,8.5,7567.332248285437,0,0,0.006992892484299427,Low Risk
0,300.3,309.6,1537,37.1,187,9.300000000000011,5971.403180261824,0,0,0.0005893422510408705,Low Risk
1,300.8,310.5,1511,35.8,54,9.699999999999989,5664.689489491851,0,0,0.00024004677156385445,Low Risk
2,297.6,308.3,1400,44.3,43,10.699999999999989,6494.719212521298,0,0,0.000975608297222883,Low Risk
0,302.5,310.4,1487,42.0,152,7.899999999999977,6540.167586243232,0,0,0.00027030990988789505,Low Risk
0,297.5,308.6,1671,29.4,136,11.100000000000025,5144.609297665574,0,0,0.0006466371462003638,Low Risk
0,301.6,311.0,1431,42.6,158,9.399999999999975,6383.779103947532,0,0,0.0004606016235632457,Low Risk
0,300.7,310.6,1720,30.3,96,9.900000000000034,5457.574757816188,0,0,0.00041602900280050744,Low Risk
0,301.0,311.2,1412,42.1,64,10.199999999999989,6225.086787039199,0,0,0.0005380219496599098,Low Risk
1,300.4,311.7,1478,39.9,185,11.300000000000011,6175.554342867599,0,0,0.0004952998042891697,Low Risk
0,299.8,309.2,1760,25.9,63,9.399999999999975,4773.545317374571,0,0,0.0009731795453056451,Low Risk
0,297.9,307.8,1459,46.9,85,9.900000000000034,7165.66915554847,0,0,0.00034542864435963797,Low Risk
0,299.7,310.6,1479,38.0,137,10.900000000000034,5885.459677235119,0,0,0.00038111561567807326,Low Risk
0,300.0,311.4,1487,41.2,22,11.399999999999975,6415.592965552885,0,0,0.00031418783363167726,Low Risk
0,302.2,310.6,1632,30.5,122,8.400000000000034,5212.530530836185,0,0,0.0009499084454600601,Low Risk
0,300.1,311.7,1503,42.6,208,11.599999999999966,6704.975536850552,0,0,0.07482117030615852,Low Risk
0,298.7,309.7,1601,35.7,176,11.0,5985.330907692738,0,0,0.0003777307641002951,Low Risk
1,297.7,308.2,1720,25.6,174,10.5,4611.020257428859,0,0,0.001383867094828489,Low Risk
2,302.0,310.5,1459,43.2,148,8.5,6600.360501486012,0,0,0.00028604345649817204,Low Risk
1,297.3,308.2,1846,24.5,41,10.899999999999975,4736.160364796852,0,0,0.0009849474980400564,Low Risk
0,300.5,309.8,1939,21.4,164,9.300000000000011,4345.304350788235,0,0,0.0035930459454982543,Low Risk
1,300.7,309.6,1388,51.1,160,8.900000000000034,7427.437127421084,0,0,0.0004343871522084773,Low Risk
1,299.2,308.5,1474,47.2,132,9.300000000000011,7285.646578989066,0,0,0.0007598292033126119,Low Risk
0,302.9,312.4,1550,36.9,194,9.5,5989.44639406894,0,0,0.0002212778721473763,Low Risk
0,297.4,308.3,1706,30.9,9,10.900000000000034,5520.343779034912,0,0,0.0004312911507981424,Low Risk
0,302.5,312.0,1383,51.3,190,9.5,7429.64671425411,0,0,0.0009669565350632684,Low Risk
0,298.3,309.0,1471,48.3,91,10.699999999999989,7440.265297423242,0,0,0.0003154096493975585,Low Risk
0,297.2,308.6,1489,40.2,214,11.400000000000034,6268.29415800157,0,0,0.0385604532788839,Low Risk
1,300.9,310.7,1420,43.0,133,9.800000000000011,6394.188247606425,0,0,0.00043435634417908687,Low Risk
0,300.4,312.0,1366,43.0,117,11.600000000000025,6151.028976218576,0,0,0.000979541405314477,Low Risk
0,299.3,309.0,1734,30.6,154,9.699999999999989,5556.472094551195,0,0,0.0005394410642398128,Low Risk
1,298.8,309.7,2098,19.0,133,10.899999999999975,4174.338878579878,0,0,0.0019966200278843708,Low Risk
0,299.3,309.1,1634,36.8,62,9.800000000000011,6296.924539051285,0,0,0.00023885369548133528,Low Risk
0,301.7,311.3,1348,51.0,87,9.600000000000025,7199.27372496637,0,0,0.014242405477249196,Low Risk
2,301.1,310.6,1407,43.9,111,9.5,6468.25653040256,0,0,0.0008619237697928271,Low Risk
0,298.7,309.6,1516,38.5,61,10.900000000000034,6112.073227314062,0,0,0.00031002127447905315,Low Risk
1,303.0,312.4,1645,29.6,129,9.399999999999975,5099.014316286473,0,0,0.00024678720930719207,Low Risk
0,301.1,311.3,1630,29.5,51,10.199999999999989,5035.44942492884,0,0,0.0013798888229312467,Low Risk
0,297.6,309.2,1390,43.3,221,11.599999999999966,6302.767901386962,0,0,0.14690676841331426,Low Risk
1,300.7,310.8,1486,41.2,71,10.100000000000025,6411.2785116419545,0,0,0.00018220208434927733,Low Risk
0,299.8,311.1,1820,24.9,174,11.300000000000011,4745.6898625127415,0,0,0.0030345250110176037,Low Risk
1,301.1,310.6,1410,43.9,73,9.5,6482.04812215182,0,0,0.0005482370087939682,Low Risk
1,301.9,311.1,1417,52.5,171,9.200000000000044,7790.36438273929,0,0,0.005376767242135524,Low Risk
0,297.7,308.2,1500,39.9,158,10.5,6267.477343911637,0,0,0.00028845554067910843,Low Risk
0,297.4,308.5,1462,42.8,68,11.100000000000025,6552.692068955543,0,0,0.0003759804548970537,Low Risk
2,300.0,311.2,1393,43.1,45,11.199999999999989,6287.19607380067,0,0,0.0009865715160138986,Low Risk
0,300.6,310.0,1313,52.9,93,9.399999999999975,7273.593335174792,0,0,0.0013871266760560538,Low Risk
0,297.6,308.3,1502,43.2,139,10.699999999999989,6794.887918596292,0,0,0.0002812611007627484,Low Risk
0,301.3,310.4,1507,39.1,194,9.099999999999966,6170.475434744298,0,0,0.0002959801220429242,Low Risk
0,300.7,309.9,1775,26.6,149,9.199999999999989,4944.343237974736,0,0,0.0019877424357714136,Low Risk
0,300.2,309.8,1481,41.9,106,9.600000000000025,6498.269212219856,0,0,0.00041564474790527765,Low Risk
0,301.8,311.0,1606,33.3,4,9.199999999999989,5600.391559848381,0,0,0.0004071976237747406,Low Risk
0,300.8,311.3,1505,45.5,141,10.5,7170.947031206501,0,0,0.00023875306346900354,Low Risk
0,297.2,308.5,1494,39.6,181,11.300000000000011,6195.47204029136,0,0,0.00035204587655118027,Low Risk
2,300.8,311.2,1612,32.5,143,10.399999999999975,5486.267970718975,0,0,0.0003389773733817957,Low Risk
0,300.6,311.7,1428,52.6,208,11.099999999999966,7865.79402235198,0,1,0.5607016799153972,Medium Risk
0,300.5,309.3,1574,33.5,101,8.800000000000011,5521.76796770454,0,0,0.0005951344400621701,Low Risk
1,297.5,308.0,1429,45.8,148,10.5,6853.719477022517,0,0,0.0005605940818998283,Low Risk
1,299.7,309.2,1685,28.9,179,9.5,5099.485555184512,1,0,0.0013313516309987,Low Risk
0,296.9,307.9,1359,56.5,110,11.0,8040.749317230396,0,0,0.0015230198406336651,Low Risk
0,299.8,311.2,1564,40.0,172,11.399999999999975,6551.267880285915,0,0,0.00031852394932214826,Low Risk
1,303.8,312.6,1406,47.1,162,8.800000000000011,6934.814455387181,0,0,0.001412430463322148,Low Risk
1,298.4,309.5,1519,35.4,133,11.100000000000025,5631.053504147417,0,0,0.0004179997184326007,Low Risk
0,298.0,308.9,1578,35.6,153,10.899999999999975,5882.820739406103,0,0,0.00029284687143235085,Low Risk
0,299.4,310.7,1426,45.7,213,11.300000000000011,6824.397945589012,0,0,0.07593564765387574,Low Risk
0,300.8,310.6,1551,34.5,153,9.800000000000011,5603.501736575436,0,0,0.00027891993034045146,Low Risk
1,302.3,311.2,1432,42.7,68,8.899999999999977,6403.236034448764,0,0,0.0005480358923751548,Low Risk
0,301.4,310.8,1610,34.6,187,9.400000000000034,5833.518678695767,0,0,0.00027283640940473205,Low Risk
0,301.5,310.5,1396,44.5,117,9.0,6505.400627543504,0,0,0.0005253229085873993,Low Risk
0,303.1,311.2,1452,52.9,11,8.099999999999966,8043.608166545163,0,0,0.0026007242780565153,Low Risk
2,300.4,311.8,2496,13.5,5,11.400000000000034,3528.636868512056,0,0,0.022467633568007447,Low Risk
0,302.1,310.5,1696,30.9,107,8.399999999999977,5487.985374702937,0,0,0.00026519162747475956,Low Risk
1,299.0,309.0,1575,35.3,47,10.0,5822.156585265284,0,0,0.00021963389188590937,Low Risk
0,297.2,308.6,1864,23.6,103,11.400000000000034,4606.663915615882,0,0,0.0019104546568288227,Low Risk
2,302.3,310.1,1688,30.4,115,7.800000000000011,5373.715177916365,0,0,0.0011788318803002565,Low Risk
1,302.2,311.1,1640,32.8,77,8.900000000000034,5633.085067396738,0,0,0.00048029653558330173,Low Risk
0,300.8,311.4,1536,40.9,22,10.599999999999966,6578.746344029314,0,0,0.00021777868613083763,Low Risk
1,304.1,313.2,1410,42.4,155,9.099999999999966,6260.56584007374,0,0,0.0014965632969446022,Low Risk
1,298.1,308.9,1804,25.1,118,10.799999999999956,4741.752399720243,0,0,0.0009238110105473731,Low Risk
0,304.2,313.4,1740,28.2,78,9.199999999999989,5138.388944211466,0,0,0.000713788251691382,Low Risk
0,298.8,309.6,1890,24.0,173,10.800000000000011,4750.088092227767,0,0,0.0027041844752202803,Low Risk
1,300.3,309.5,1665,31.4,32,9.199999999999989,5474.853517410932,0,0,0.0006728293155532029,Low Risk
1,300.1,309.0,1612,33.0,34,8.899999999999977,5570.672093345421,0,0,0.00032138324013037593,Low Risk
0,298.8,309.1,1378,54.4,165,10.300000000000011,7850.127946986078,0,0,0.0067432482425589,Low Risk
1,302.6,312.3,1454,54.8,253,9.699999999999989,8343.986312130395,1,1,0.7792207249466155,High Risk
0,300.7,311.9,1399,50.2,222,11.199999999999989,7354.447458102683,1,0,0.20875449287173897,Low Risk
0,298.1,308.7,1683,29.1,161,10.599999999999966,5128.681422911874,0,0,0.003776583829544447,Low Risk
0,303.3,312.2,1457,40.7,48,8.899999999999977,6209.871006620313,0,0,0.00021868463055515794,Low Risk
1,300.1,310.5,1329,57.4,99,10.399999999999975,7988.504631401198,0,0,0.0019481518922499627,Low Risk
0,300.0,309.1,1791,28.2,108,9.100000000000025,5288.99689602456,0,0,0.0012131016866685311,Low Risk
0,300.9,310.0,2595,13.7,207,9.100000000000025,3722.944374136584,0,0,0.2777098657360556,Low Risk
2,302.8,312.5,1422,46.1,4,9.699999999999989,6864.8197710652,0,0,0.0026603050209646826,Low Risk
0,301.5,310.8,1367,49.0,193,9.300000000000011,7014.44335718017,0,0,0.011747139837553967,Low Risk
0,297.3,308.6,1511,35.7,120,11.300000000000011,5648.866334493271,0,0,0.00034500773998244943,Low Risk
0,301.6,311.3,1706,29.9,93,9.699999999999989,5341.691876800773,0,0,0.0003322725076561661,Low Risk
0,296.7,308.0,1580,32.2,39,11.300000000000011,5327.722261467811,0,0,0.0005504512997921943,Low Risk
0,300.3,310.6,1806,24.4,88,10.300000000000011,4614.622617004975,0,0,0.0007352809064679471,Low Risk
1,300.7,310.6,1418,46.3,84,9.900000000000034,6875.207970773071,0,0,0.001112868792591973,Low Risk
0,298.1,309.0,1787,27.6,47,10.899999999999975,5164.903986207763,0,0,0.0008663782433551941,Low Risk
2,295.6,306.3,1509,35.8,60,10.699999999999989,5657.191555025283,0,0,0.00048591194323582213,Low Risk
0,298.8,309.8,1493,38.5,132,11.0,6019.343884155604,0,0,0.000554391299143201,Low Risk
0,300.6,309.7,1639,30.4,121,9.099999999999966,5217.72463069012,0,0,0.0010652539665649368,Low Risk
1,298.6,310.1,1444,48.1,39,11.5,7273.457199493136,0,0,0.0005446575925647672,Low Risk
0,302.5,312.0,2052,18.9,40,9.5,4061.325318854741,0,0,0.0007491373627206436,Low Risk
0,300.9,312.4,1364,52.5,125,11.5,7498.981664118835,0,0,0.0006165684506036756,Low Risk
1,304.2,313.5,1437,47.2,102,9.300000000000011,7102.763998648093,0,0,0.0003458833495027433,Low Risk
0,303.0,312.7,2024,19.9,102,9.699999999999989,4217.860408807608,0,0,0.0006610691612502392,Low Risk
1,302.2,311.2,1377,43.0,91,9.0,6200.561420390175,0,0,0.04606440297026919,Low Risk
0,300.8,311.7,1397,43.5,227,10.899999999999975,6363.767158744164,0,0,0.13418219916090565,Low Risk
1,298.0,307.8,1492,40.2,197,9.800000000000011,6280.923360469003,0,0,0.0003320651432717831,Low Risk
1,300.7,310.3,1471,40.2,59,9.600000000000025,6192.518943196986,0,0,0.0002450835722983652,Low Risk
0,298.7,309.7,1667,30.4,92,11.0,5306.862086247973,0,0,0.0011976701791214198,Low Risk
0,299.1,309.4,1439,44.2,82,10.299999999999956,6660.574360679816,0,0,0.0021545566582425713,Low Risk
0,302.4,312.0,1545,36.4,12,9.600000000000025,5889.229588419426,0,0,0.0002485320337540723,Low Risk
0,299.8,309.4,1630,32.4,53,9.599999999999966,5530.459707379471,0,0,0.0003122823201537461,Low Risk
0,303.6,312.7,1429,47.7,198,9.099999999999966,7138.044084147906,0,0,0.0014442993584362074,Low Risk
1,297.4,309.3,1564,36.0,126,11.900000000000034,5896.141092257324,0,0,0.0003869983500332554,Low Risk
0,296.5,307.2,1481,38.2,160,10.699999999999989,5924.436370090657,0,0,0.0004646093833263002,Low Risk
1,300.2,311.6,1533,46.4,24,11.400000000000034,7448.841845367542,0,0,0.00035551750258352196,Low Risk
0,298.8,309.8,1895,22.0,134,11.0,4365.766590938616,0,0,0.0031186898955868287,Low Risk
0,302.4,310.2,1351,45.1,168,7.800000000000011,6380.585151416381,1,1,0.9759714291732364,High Risk
0,302.2,311.4,1477,41.7,15,9.199999999999989,6449.783965599452,0,0,0.0003368757668779769,Low Risk
1,297.2,308.5,1604,34.9,200,11.300000000000011,5862.170003696505,0,0,0.015504333938112064,Low Risk
0,298.4,309.1,1423,48.0,135,10.700000000000044,7152.778153693242,0,0,0.0004823999569317793,Low Risk
2,302.9,312.3,1509,46.8,175,9.400000000000034,7395.434770256516,0,0,0.0004111183996305679,Low Risk
0,299.1,310.0,1367,56.3,203,10.899999999999975,8059.452265494767,1,1,0.7627660608078108,High Risk
0,300.6,310.0,1425,49.5,174,9.399999999999975,7386.669726753,0,0,0.0008871242959562958,Low Risk
0,302.4,311.8,1255,59.0,138,9.400000000000034,7753.974267835207,0,0,0.051723714745332716,Low Risk
0,300.7,310.2,1807,24.2,77,9.5,4579.33205952965,0,0,0.0007560520417279861,Low Risk
1,297.4,308.3,1405,51.7,108,10.900000000000034,7606.685932259408,0,0,0.000489597006617805,Low Risk
1,297.3,308.3,1544,41.7,6,11.0,6742.360489428271,0,0,0.0003276100109146392,Low Risk
0,301.8,310.7,1597,30.8,74,8.899999999999977,5150.913426923777,0,0,0.00035127559328528577,Low Risk
1,300.6,309.5,1492,34.0,144,8.899999999999977,5312.223737710101,0,0,0.0003497658428519795,Low Risk
1,301.2,312.3,1548,38.3,87,11.100000000000025,6208.666729436436,0,0,0.0002820724414887937,Low Risk
0,302.6,311.0,1537,35.5,91,8.399999999999977,5713.876358471556,0,0,0.00012183952304536826,Low Risk
0,300.4,309.7,1685,31.3,152,9.300000000000011,5522.972244888417,0,0,0.001461608625169051,Low Risk
0,301.6,310.6,1321,60.8,73,9.0,8410.75562799469,0,0,0.06582754848818233,Low Risk
0,301.1,311.1,1470,40.9,125,10.0,6296.065837059304,0,0,0.00021479187588040446,Low Risk
0,301.6,310.0,1869,22.9,18,8.399999999999977,4482.015991096951,0,0,0.00037167714180957515,Low Risk
0,297.8,307.8,1412,48.3,27,10.0,7141.845411258749,0,0,0.0005359052462663536,Low Risk
0,299.4,308.5,1845,22.9,76,9.100000000000025,4424.4620136831845,0,0,0.0013474608262845046,Low Risk
1,297.8,307.3,1315,54.0,180,9.5,7436.14981104704,0,0,0.005692606853452972,Low Risk
0,298.4,309.7,1581,34.6,150,11.300000000000011,5728.4428764087015,0,0,0.00044230602270301547,Low Risk
0,298.1,307.8,1540,37.8,203,9.699999999999989,6095.946385025634,0,0,0.01958041896534658,Low Risk
0,302.5,312.2,1574,38.7,30,9.699999999999989,6378.878219407931,0,0,0.00021051459564328323,Low Risk
1,297.7,308.9,1681,28.3,116,11.199999999999989,4981.759606478991,0,0,0.0015337972999453448,Low Risk
1,302.3,311.0,1521,34.8,72,8.699999999999989,5542.900414287687,0,0,0.00033192740711353265,Low Risk
1,298.8,309.2,1452,48.6,98,10.399999999999975,7389.779903480055,0,0,0.00043461221445560303,Low Risk
1,301.9,310.9,1483,37.0,35,9.0,5746.077683170851,0,0,0.00038736589601045624,Low Risk
0,302.3,310.9,1596,33.5,104,8.599999999999966,5598.946427227729,0,0,0.0002936724053785996,Low Risk
0,300.5,310.8,1354,51.8,157,10.300000000000011,7344.750408778601,0,0,0.0007459757614714885,Low Risk
0,300.1,311.5,1454,52.4,90,11.399999999999975,7978.556254664831,0,0,0.005306297370736798,Low Risk
1,297.6,308.4,1507,46.0,51,10.799999999999956,7259.382864405055,0,0,0.00031514139197411003,Low Risk
0,300.6,312.0,1670,29.4,134,11.399999999999975,5141.530536865055,0,0,0.0005298208558539822,Low Risk
0,298.4,309.3,1531,37.4,16,10.900000000000034,5996.190346298647,0,0,0.0002750177267802846,Low Risk
0,301.4,310.6,2137,18.0,99,9.200000000000044,4028.150100432833,0,0,0.0010355632444598,Low Risk
0,298.8,309.9,1486,40.3,126,11.099999999999966,6271.22631114492,0,0,0.0019077748816653858,Low Risk
0,296.8,307.9,1448,48.8,31,11.099999999999966,7399.749224167446,0,0,0.0008664921699601585,Low Risk
0,298.5,308.3,1458,44.0,44,9.800000000000011,6717.981730436413,0,0,0.0002963446756468764,Low Risk
0,302.4,310.7,1362,54.8,155,8.300000000000011,7816.031194719117,1,1,0.9429932332292834,High Risk
0,296.9,307.9,1367,47.1,204,11.0,6742.454737207879,0,0,0.1299488856759306,Low Risk
1,300.7,311.5,1441,40.6,33,10.800000000000011,6126.587385373648,0,0,0.0009239973715256836,Low Risk
0,299.2,310.5,1391,45.8,38,11.300000000000011,6671.465215212261,0,0,0.0006345210216697097,Low Risk
2,298.7,309.7,1697,29.8,74,11.0,5295.740848254267,0,0,0.0006094799649820588,Low Risk
0,303.9,313.2,1590,31.9,5,9.300000000000011,5311.490699424262,0,0,0.0005600151404486859,Low Risk
2,302.2,311.5,1482,42.6,16,9.300000000000011,6611.293243920505,0,0,0.00031102186361463876,Low Risk
0,300.4,311.7,1373,47.2,3,11.300000000000011,6786.426562382624,0,0,0.0019757257507080324,Low Risk
1,299.6,308.9,1568,35.3,77,9.299999999999956,5796.280333775216,0,0,0.0003122758880751105,Low Risk
0,300.7,310.8,1653,31.6,111,10.100000000000025,5470.015464724404,0,0,0.0002458855879609673,Low Risk
1,300.1,309.3,1443,50.3,196,9.199999999999989,7600.863513874753,0,0,0.0007460476047832037,Low Risk
2,298.6,309.5,1523,34.2,119,10.899999999999975,5454.495997015672,0,0,0.00036842031477946004,Low Risk
0,300.8,312.5,1434,50.7,121,11.699999999999989,7613.524132268721,0,0,0.0005036312530185563,Low Risk
0,302.6,310.5,1748,28.2,2,7.899999999999977,5162.013720966461,0,0,0.0003833112219220703,Low Risk
0,302.6,312.2,1377,45.5,54,9.599999999999966,6561.059177389604,0,0,0.02079881282090296,Low Risk
1,301.3,310.4,1577,48.3,78,9.099999999999966,7976.409499684877,0,0,0.00022404976603573225,Low Risk
0,300.6,310.3,1648,30.5,217,9.699999999999989,5263.633771334578,1,0,0.04855961718459866,Low Risk
1,297.5,308.4,1505,37.2,215,10.899999999999975,5862.840210129272,0,0,0.0313809972758033,Low Risk
0,299.8,309.2,1572,35.4,158,9.399999999999975,5827.528708702922,0,0,0.00031867490214806574,Low Risk
1,297.6,308.7,1392,41.2,178,11.099999999999966,6005.719844014536,0,0,0.0007780948293642292,Low Risk
1,300.3,311.7,1319,51.4,170,11.399999999999975,7099.643349945525,0,0,0.0005562477639479393,Low Risk
1,297.8,307.4,1438,43.6,141,9.599999999999966,6565.593542786285,0,0,0.0006837831188956883,Low Risk
0,298.7,309.9,1372,54.7,44,11.199999999999989,7859.050070122275,0,0,0.009877821834681121,Low Risk
0,298.8,309.1,1477,42.4,158,10.300000000000011,6558.053720417668,0,0,0.00036134721717738684,Low Risk
0,299.5,309.1,1336,42.1,217,9.600000000000025,5890.025458558337,0,0,0.10868207372916816,Low Risk
0,303.5,311.9,1493,38.7,14,8.399999999999977,6050.613203034335,0,0,0.00023671331816828644,Low Risk
0,298.9,310.2,1304,57.2,183,11.300000000000011,7810.92087066928,0,0,0.032575959369239176,Low Risk
0,300.5,311.9,1432,43.1,16,11.399999999999975,6463.219510181305,0,0,0.0005291866824936255,Low Risk
1,301.5,310.5,1737,29.3,114,9.0,5329.617689035476,0,0,0.00042761950162812534,Low Risk
2,300.4,309.6,1416,43.3,66,9.200000000000044,6420.661401700676,0,0,0.0009263117208215106,Low Risk
0,296.5,307.3,1579,34.5,166,10.800000000000011,5704.661020021025,0,0,0.00032745618083096923,Low Risk
2,304.0,313.2,1517,43.1,96,9.199999999999989,6846.860333062179,0,0,0.00031630910233859276,Low Risk
2,297.3,308.6,1376,53.5,112,11.300000000000011,7709.049492888873,0,0,0.0008978253411429827,Low Risk
0,297.5,308.4,1433,50.0,218,10.899999999999975,7503.170454323622,0,0,0.22014350902467,Low Risk
1,300.9,310.5,1702,29.3,32,9.600000000000025,5222.2275801602655,0,0,0.00036897195586857944,Low Risk
0,298.0,307.7,1435,45.6,184,9.699999999999989,6852.4418960100575,0,0,0.0005163396888118403,Low Risk
0,300.3,309.2,1572,32.0,173,8.899999999999977,5267.822561539365,0,0,0.0003424148321102912,Low Risk
2,304.2,313.5,1684,29.8,156,9.300000000000011,5255.17241512091,0,0,0.0008885071492116263,Low Risk
0,297.0,307.7,1315,60.1,128,10.699999999999989,8276.159326739391,0,0,0.01715078518792208,Low Risk
0,302.6,311.6,1576,34.7,182,9.0,5726.830192179858,0,0,0.0002725250972758279,Low Risk
0,297.7,308.7,1688,27.2,125,11.0,4808.060948662011,0,0,0.006176876066974083,Low Risk
0,301.8,310.8,1736,26.5,56,9.0,4817.527614524827,0,0,0.0008527417882048467,Low Risk
0,301.4,310.4,1471,37.5,193,9.0,5776.6034917882325,0,0,0.0004888108196919495,Low Risk
2,299.2,308.5,1342,47.5,147,9.300000000000011,6675.360790102712,0,0,0.0008603762850292368,Low Risk
0,297.9,309.8,1461,50.5,38,11.900000000000034,7726.275892606058,0,0,0.0064601401677379265,Low Risk
2,296.6,307.4,1406,41.5,189,10.799999999999956,6110.292991477028,0,0,0.0012940668812038592,Low Risk
0,298.5,309.9,1482,42.1,15,11.399999999999975,6533.695905376838,0,0,0.0007592695235883304,Low Risk
1,302.3,311.0,1541,36.6,143,8.699999999999989,5906.257020601883,0,0,0.00032570716360262543,Low Risk
0,302.2,311.3,1378,55.5,35,9.100000000000025,8008.862151796459,0,0,0.02428275576799372,Low Risk
0,300.4,309.8,1395,48.1,201,9.400000000000034,7026.643208651611,0,0,0.008379810001660753,Low Risk
0,302.7,312.2,1376,52.8,164,9.5,7608.183424757616,0,0,0.007758885643314684,Low Risk
0,299.8,309.2,1400,42.6,210,9.399999999999975,6245.486195336508,0,0,0.13024451684031027,Low Risk
0,303.7,312.7,1989,22.4,166,9.0,4665.642081699273,0,0,0.001311857982406273,Low Risk
1,298.4,310.1,1335,57.8,96,11.700000000000044,8080.490464298307,0,0,0.01114714311509881,Low Risk
2,300.1,311.4,1485,40.4,75,11.299999999999956,6282.556988648868,0,0,0.0005288803121699584,Low Risk
0,300.0,311.4,1655,29.6,30,11.399999999999975,5130.011363801893,0,0,0.00037535936971185577,Low Risk
0,301.5,310.7,1435,38.5,224,9.199999999999989,5785.504670973403,0,0,0.1193283932601562,Low Risk
1,298.9,309.8,2450,13.9,89,10.900000000000034,3566.2312606000137,0,0,0.0024998749171668815,Low Risk
0,302.3,312.0,1354,52.2,165,9.699999999999989,7401.46662815141,0,0,0.002263974077758441,Low Risk
0,302.6,310.2,1325,62.4,92,7.599999999999966,8658.22935329347,1,1,0.9826785714285714,High Risk
0,297.3,308.1,1468,49.8,0,10.800000000000011,7655.684305679895,0,0,0.0007117500954638424,Low Risk
1,302.2,311.1,1728,34.0,179,8.900000000000034,6152.495052790251,0,0,0.0006203504202379234,Low Risk
0,298.3,310.1,1408,45.3,78,11.800000000000011,6679.277308944186,0,0,0.0008434683710471405,Low Risk
0,302.4,310.2,2224,16.0,154,7.800000000000011,3726.347766177973,0,0,0.005743700539954334,Low Risk
0,299.9,309.2,1598,34.6,111,9.300000000000011,5790.039036370084,0,0,0.0003362710890349185,Low Risk
0,300.1,309.0,1404,54.8,29,8.899999999999977,8057.054183102527,0,0,0.020468945066189945,Low Risk
1,303.8,313.0,1514,45.0,113,9.199999999999989,7134.556916302419,0,0,0.00019812118106538154,Low Risk
0,299.1,310.3,1472,46.6,157,11.199999999999989,7183.272546384085,0,0,0.00042340760103251135,Low Risk
0,300.0,309.1,1431,45.4,90,9.100000000000025,6803.370218760984,0,0,0.0006826895603734759,Low Risk
0,304.1,313.1,1556,36.3,86,9.0,5914.864984472719,0,0,0.0002442511662514704,Low Risk
0,302.2,311.5,1543,38.5,37,9.300000000000011,6220.929412760948,0,0,0.0002478489247910601,Low Risk
0,297.5,309.4,1318,58.2,146,11.899999999999975,8032.801087816813,0,0,0.002959240520962998,Low Risk
0,302.4,310.2,1331,45.5,53,7.800000000000011,6341.880729924154,1,1,0.9568572026013201,High Risk
1,298.5,309.5,1535,39.8,87,11.0,6397.643999525373,0,0,0.00029557296285831984,Low Risk
0,303.2,311.2,1404,50.9,31,8.0,7483.650691969318,0,0,0.017216785769613434,Low Risk
0,298.2,308.1,1306,58.3,35,9.900000000000034,7973.341210859871,0,0,0.001296361687119633,Low Risk
1,300.7,309.5,1393,43.9,81,8.800000000000011,6403.895768906019,0,0,0.0006144117309209057,Low Risk
2,302.5,310.4,1422,41.9,156,7.899999999999977,6239.391505588544,0,0,0.005655059438124764,Low Risk
1,297.3,308.7,1655,34.1,21,11.399999999999975,5909.911740055559,0,0,0.00041827183567142025,Low Risk
0,298.0,309.0,1679,32.4,90,11.0,5696.712790607443,0,0,0.00040538422833226277,Low Risk
0,299.7,309.2,1326,64.8,71,9.5,8998.024014705741,0,1,0.6754943094986876,High Risk
0,300.2,309.7,1678,30.5,142,9.5,5359.452347269067,0,0,0.006141388072698814,Low Risk
2,300.1,311.5,1422,46.2,134,11.399999999999975,6879.710920243216,0,0,0.0020214445324744103,Low Risk
0,298.2,307.9,1551,34.1,190,9.699999999999989,5538.533600499199,0,0,0.00046937516623596196,Low Risk
0,300.7,312.3,1577,33.2,100,11.600000000000025,5482.749386946955,0,0,0.0003323579002355522,Low Risk
1,298.7,308.6,1722,24.7,64,9.900000000000034,4454.087232406537,0,0,0.0009309333232511273,Low Risk
0,300.2,311.6,1540,37.7,71,11.400000000000034,6079.819542737208,0,0,0.00029872459456897716,Low Risk
0,298.0,308.1,1819,23.4,78,10.100000000000025,4457.354488766269,0,0,0.0009159156198685973,Low Risk
0,296.7,307.9,1743,27.9,55,11.199999999999989,5092.490275542518,0,0,0.0013762708794121117,Low Risk
0,297.0,307.8,1396,50.0,96,10.800000000000011,7309.4389073522525,0,0,0.0005432916716300288,Low Risk
0,298.1,310.0,1534,33.7,47,11.899999999999975,5413.571516714908,0,0,0.00046141244343632593,Low Risk
1,299.2,308.4,1415,43.5,53,9.199999999999989,6445.762727002858,0,0,0.0006137271497272959,Low Risk
1,298.3,307.8,1330,55.4,114,9.5,7715.960996726771,0,0,0.01042662707898948,Low Risk
0,302.5,311.1,1493,39.0,137,8.600000000000023,6097.51718135243,0,0,0.0001415713043705452,Low Risk
1,300.6,309.7,1934,22.8,15,9.099999999999966,4617.638545952421,0,0,0.001647098868681611,Low Risk
1,299.7,310.5,1594,35.4,134,10.800000000000011,5909.084453990114,0,0,0.0002113726216516151,Low Risk
1,300.4,311.7,1832,24.2,179,11.300000000000011,4642.687511377044,0,0,0.003115299807783998,Low Risk
2,303.8,312.6,1811,24.9,183,8.800000000000011,4722.222165390425,0,0,0.0009406862793511876,Low Risk
1,298.1,308.0,2129,18.4,45,9.899999999999975,4102.249799155504,0,0,0.0011240076530772802,Low Risk
0,303.8,313.1,1394,45.4,36,9.300000000000011,6627.461974110979,0,0,0.01060394243570184,Low Risk
0,300.5,309.5,1653,27.6,62,9.0,4777.608443873214,0,0,0.002570119312862696,Low Risk
1,296.4,307.4,1416,50.0,210,11.0,7414.158662471912,0,0,0.05361180489397399,Low Risk
2,301.0,310.4,1512,44.9,86,9.399999999999975,7109.298511367559,0,0,0.0004184673234527596,Low Risk
1,300.3,311.7,1551,36.4,84,11.399999999999975,5912.10038293756,0,0,0.00031009571825230185,Low Risk
1,298.0,309.0,1393,55.9,79,11.0,8154.3911954862515,0,0,0.0028771012049346955,Low Risk
1,302.3,311.7,1685,30.8,130,9.399999999999975,5434.745851200103,0,0,0.0002795563851123317,Low Risk
1,300.8,310.8,1415,44.5,87,10.0,6593.941180497177,0,0,0.0005157680974135,Low Risk
0,300.2,309.4,1981,21.4,44,9.199999999999989,4439.426466689784,0,0,0.0015157146606963093,Low Risk
1,298.4,310.2,1725,32.0,80,11.800000000000011,5780.530482605219,0,0,0.0008039899207842706,Low Risk
0,298.8,310.2,1461,46.7,105,11.399999999999975,7144.892756132731,0,0,0.0005766370437022946,Low Risk
0,303.8,312.6,1793,28.1,170,8.800000000000011,5276.126838120355,0,0,0.001270342528495494,Low Risk
2,301.1,312.2,1491,42.6,52,11.099999999999966,6651.442798033381,0,0,0.0008564418684637027,Low Risk
1,298.3,307.7,1520,41.4,10,9.399999999999975,6589.80475016995,0,0,0.0004210281402009306,Low Risk
1,297.4,308.0,1601,34.6,181,10.600000000000025,5800.908946951506,0,0,0.0003307992230600087,Low Risk
0,301.3,310.7,1536,39.3,31,9.399999999999975,6321.387073847238,0,0,0.00021920283184284568,Low Risk
1,302.2,310.9,1302,53.4,58,8.699999999999989,7280.829470253561,0,0,0.047673270512436014,Low Risk
1,299.6,308.9,1685,27.8,161,9.299999999999956,4905.387489070224,0,0,0.00728851443742083,Low Risk
0,299.2,310.7,1477,44.0,19,11.5,6805.527445716449,0,0,0.0003574494055474481,Low Risk
0,300.6,309.8,1418,42.7,147,9.199999999999989,6340.634564838233,0,0,0.0006769020123444875,Low Risk
0,299.1,310.5,1471,38.4,146,11.399999999999975,5915.24197559115,0,0,0.0005005687765949482,Low Risk
1,300.8,311.4,1521,39.9,15,10.599999999999966,6355.222026726399,0,0,0.00020000372868193692,Low Risk
1,297.4,308.6,1643,31.0,89,11.200000000000044,5333.691287509631,0,0,0.00043558073999518283,Low Risk
0,300.0,309.5,1869,22.7,49,9.5,4442.871746633222,0,0,0.00106012266028169,Low Risk
0,297.6,309.5,1549,34.9,68,11.899999999999975,5661.160433744319,0,0,0.00037401895698860544,Low Risk
1,300.4,309.7,1539,37.7,156,9.300000000000011,6075.871607969197,0,0,0.0007848861919795603,Low Risk
2,299.1,310.0,1431,49.5,205,10.899999999999975,7417.77149402354,0,0,0.024928878661235037,Low Risk
1,303.9,313.1,1473,42.8,97,9.200000000000044,6601.994129665878,0,0,0.0001966587088391467,Low Risk
0,298.5,309.5,1547,33.1,68,11.0,5362.248364730763,0,0,0.000336261883417907,Low Risk
0,298.3,308.9,1708,27.3,170,10.599999999999966,4882.914629621544,0,0,0.02151803486710794,Low Risk
0,301.0,312.1,1377,49.9,48,11.100000000000025,7195.535229708598,0,0,0.012468944245718911,Low Risk
0,302.1,310.8,1565,35.3,6,8.699999999999989,5785.190511708043,0,0,0.00036470135314021774,Low Risk
0,300.1,311.3,2579,12.5,64,11.199999999999989,3375.9031056700314,1,1,1.0,High Risk
2,300.6,310.5,1454,51.2,58,9.899999999999975,7795.841225932048,0,0,0.0006015403052174159,Low Risk
0,298.7,309.8,1539,33.4,2,11.100000000000025,5382.867684513823,0,0,0.001087412007231321,Low Risk
0,301.8,310.0,1393,44.9,208,8.199999999999989,6549.770387787705,0,0,0.16523646380699486,Low Risk
0,300.4,309.4,1412,51.6,153,9.0,7629.797582214316,0,0,0.0005402987875230571,Low Risk
0,300.5,309.3,1528,37.0,221,8.800000000000011,5920.4360754450845,0,0,0.05348588895802647,Low Risk
0,298.3,309.1,1472,40.1,31,10.800000000000011,6181.313929399181,0,0,0.0003004140609268763,Low Risk
2,297.3,308.0,1384,49.1,206,10.699999999999989,7116.168127303408,0,0,0.10863404810080818,Low Risk
1,299.9,309.2,1539,43.2,132,9.300000000000011,6962.271975179557,0,0,0.00029960517965689644,Low Risk
2,297.1,308.2,1527,42.2,199,11.099999999999966,6748.078188057803,0,0,0.005307820810610118,Low Risk
0,303.3,311.4,1658,30.5,7,8.099999999999966,5295.573296646076,0,0,0.0008512012097333819,Low Risk
0,302.5,312.0,1574,33.8,63,9.5,5571.216636072043,0,0,0.00023186637850962128,Low Risk
0,298.0,307.8,1266,60.5,81,9.800000000000011,8020.800203880101,0,0,0.0013812890058796442,Low Risk
0,303.6,312.6,1699,27.9,160,9.0,4963.936304157624,0,0,0.0015531795774606349,Low Risk
0,299.2,309.1,1578,38.1,109,9.900000000000034,6295.940173353161,0,0,0.0002169878062685073,Low Risk
0,301.5,310.5,1636,28.7,106,9.0,4916.9276060844095,0,0,0.0020299672636090197,Low Risk
1,303.0,311.1,1526,37.3,176,8.100000000000023,5960.6275174600105,0,0,0.0002318198629852389,Low Risk
0,300.1,309.3,1570,36.8,189,9.199999999999989,6050.288571793463,0,0,0.0003396565670006585,Low Risk
2,297.6,309.0,1885,25.2,24,11.399999999999975,4974.397807694078,0,0,0.0156845531717801,Low Risk
0,300.1,309.1,1478,46.9,116,9.0,7258.984929335599,0,0,0.0008141647386278278,Low Risk
1,298.0,309.2,1438,42.9,101,11.199999999999989,6460.182637282835,0,0,0.0006739016107760224,Low Risk
0,302.4,311.2,1450,47.9,154,8.800000000000011,7273.31059183597,0,0,0.00030156069503825956,Low Risk
1,299.0,308.3,1377,47.2,35,9.300000000000011,6806.197652149216,0,0,0.0018688537479137294,Low Risk
0,298.3,308.9,1270,52.7,44,10.599999999999966,7008.788490403708,0,0,0.00556030705647436,Low Risk
2,297.3,308.4,1531,35.6,16,11.099999999999966,5707.603645139889,0,0,0.0020123568388329687,Low Risk
1,303.8,312.7,1507,38.5,180,8.899999999999977,6075.7878321651015,0,0,0.00018985141302853872,Low Risk
0,300.8,311.3,1498,40.2,73,10.5,6306.181765403864,0,0,0.00020619728530908534,Low Risk
0,302.1,311.0,1586,35.1,142,8.899999999999977,5829.602159854292,0,0,0.00038541665027671916,Low Risk
0,302.2,311.5,1489,38.3,35,9.300000000000011,5972.03149879254,0,0,0.0003999780428754856,Low Risk
0,298.9,310.3,1456,44.1,118,11.400000000000034,6724.013588331307,0,0,0.00034245041696966377,Low Risk
1,298.8,309.6,1384,48.2,39,10.800000000000011,6985.72920032636,0,0,0.0009578833430515366,Low Risk
0,303.4,312.2,1580,35.8,90,8.800000000000011,5923.368228588435,0,0,0.0002442511662514704,Low Risk
0,302.6,312.1,1288,68.5,0,9.5,9239.214554697342,1,1,0.965,High Risk
0,303.5,312.8,1524,39.4,96,9.300000000000011,6287.960528013042,0,0,0.00021707436436304184,Low Risk
0,301.4,311.0,1701,28.4,127,9.600000000000025,5058.843818222572,0,0,0.0014400305485421777,Low Risk
2,300.0,309.6,1629,32.3,89,9.600000000000025,5510.007939204601,0,0,0.00034502927798836763,Low Risk
1,296.7,307.8,1537,36.3,233,11.100000000000025,5842.6397693666895,0,0,0.06124671304744703,Low Risk
0,297.0,307.9,1296,69.1,153,10.899999999999975,9378.031062083965,1,1,1.0,High Risk
1,298.6,309.4,1464,36.9,179,10.799999999999956,5657.128723172212,0,0,0.0003548296886792924,Low Risk
0,299.9,309.6,1280,59.3,163,9.700000000000044,7948.648292602655,0,0,0.006913446180479927,Low Risk
1,303.0,311.2,1592,38.9,188,8.199999999999989,6485.168770854386,0,0,0.00022653778373560795,Low Risk
0,298.8,310.0,1611,32.4,183,11.199999999999989,5465.994226127809,0,0,0.0005348424863147723,Low Risk
0,297.3,308.6,1385,55.2,156,11.300000000000011,8006.034718408229,0,0,0.0007261013659233935,Low Risk
0,298.0,308.5,1404,46.6,201,10.5,6851.436586360908,0,0,0.015910737284495508,Low Risk
1,302.2,311.2,1627,33.2,74,9.0,5656.584180445591,0,0,0.00036142144931691105,Low Risk
2,298.4,308.4,1479,39.2,58,10.0,6071.316298621491,0,0,0.00041748675351309584,Low Risk
0,302.7,310.5,1511,37.7,60,7.800000000000011,5965.329434464883,0,0,0.0003978700300394241,Low Risk
1,303.7,312.9,1406,41.9,48,9.199999999999989,6169.187381756324,0,0,0.00149901059883856,Low Risk
0,302.6,310.3,1479,40.4,105,7.699999999999989,6257.172920007863,0,0,0.0004064646206107433,Low Risk
0,298.4,309.4,1392,50.1,117,11.0,7303.071946240977,0,0,0.0006256943896202581,Low Risk
0,300.4,310.5,1402,54.3,44,10.100000000000025,7972.168349602531,0,0,0.0004003499555703259,Low Risk
1,296.9,308.0,1641,33.3,67,11.100000000000025,5722.442434440343,0,0,0.000453364653281489,Low Risk
2,299.3,308.6,1498,39.5,47,9.300000000000011,6196.3726301853885,0,0,0.0003905502197907213,Low Risk
1,303.7,312.7,1469,48.5,147,9.0,7460.91603313284,0,0,0.00023095307665855724,Low Risk
1,302.5,312.0,1451,43.2,189,9.5,6564.169354116658,0,0,0.00020380338936440117,Low Risk
0,298.1,307.9,1425,58.2,57,9.799999999999956,8684.932890848982,0,0,0.006633624753881167,Low Risk
1,302.3,310.9,1762,24.5,73,8.599999999999966,4520.647108760592,0,0,0.00042437348080770753,Low Risk
2,302.9,311.2,2102,17.8,91,8.300000000000011,3918.1524696551423,0,0,0.00030421575784842197,Low Risk
1,303.7,312.4,1540,37.4,146,8.699999999999989,6031.439015871924,0,0,0.00018864621465303766,Low Risk
2,300.9,311.3,1295,58.9,77,10.400000000000034,7987.551681629608,0,0,0.003749347594691058,Low Risk
0,299.2,308.4,1620,34.1,89,9.199999999999989,5784.928712320245,0,0,0.0003545629968324499,Low Risk
1,298.5,308.7,1615,33.3,41,10.199999999999989,5631.776070457742,0,0,0.0003135611179046771,Low Risk
1,301.4,311.2,1727,26.5,43,9.800000000000011,4792.551952928789,0,0,0.000692382481663729,Low Risk
0,300.1,309.6,1565,34.8,32,9.5,5703.247303326909,0,0,0.00030023751689697966,Low Risk
0,302.5,311.9,1401,44.9,203,9.399999999999975,6587.3857238266855,0,0,0.04595962066938361,Low Risk
0,299.9,309.3,1620,31.1,196,9.400000000000034,5275.9907024386985,0,0,0.0003760575178706935,Low Risk
1,300.2,309.6,1556,35.8,36,9.400000000000034,5833.393014989623,0,0,0.000289879335012871,Low Risk
0,298.4,307.9,1446,45.3,23,9.5,6859.541895407169,0,0,0.0004510139954020058,Low Risk
1,297.5,308.5,1699,30.1,40,11.0,5355.3578048438885,0,0,0.0012104243781286105,Low Risk
0,301.4,310.7,1706,27.9,170,9.300000000000011,4984.388072332494,0,0,0.0021852552955188586,Low Risk
1,298.8,310.0,1529,38.5,77,11.199999999999989,6164.485464751452,0,0,0.0005030870007609567,Low Risk
0,302.2,310.6,1462,43.6,0,8.400000000000034,6675.172294543498,0,0,0.0035938805535781736,Low Risk
0,299.3,308.6,1744,26.4,33,9.300000000000011,4821.465077317326,0,0,0.0013701569954672806,Low Risk
1,298.3,308.4,1539,43.4,69,10.099999999999966,6994.504715805388,0,0,0.0002749885763039176,Low Risk
1,303.1,312.5,1667,30.0,160,9.399999999999975,5237.034953534185,0,0,0.0003556894330722276,Low Risk
0,298.9,308.7,1729,26.6,73,9.800000000000011,4816.208145610321,0,0,0.0009471645490556556,Low Risk
0,298.3,308.8,1645,30.4,33,10.5,5236.825514023945,0,0,0.0010518986901984371,Low Risk
0,303.5,312.3,1584,35.2,74,8.800000000000011,5838.838442255847,0,0,0.0002442511662514704,Low Risk
0,297.5,309.3,1623,33.4,74,11.800000000000011,5676.66942947754,0,0,0.00038678221809392975,Low Risk
0,297.4,308.4,1474,43.6,4,11.0,6729.961670422103,0,0,0.0003281466053776903,Low Risk
0,300.1,309.1,1400,46.7,77,9.0,6846.577589723355,0,0,0.0009992625032850084,Low Risk
0,303.9,313.2,1481,40.0,100,9.300000000000011,6203.598293288645,0,0,0.00020782472257296694,Low Risk
0,302.0,310.6,1467,44.9,86,8.600000000000023,6897.712246148286,0,0,0.0008971883207590855,Low Risk
1,301.0,310.6,1460,53.6,74,9.600000000000025,8194.949156644096,0,0,0.0005182501962134963,Low Risk
0,300.3,311.8,1551,37.2,9,11.5,6042.036655090035,0,0,0.0008909395377633807,Low Risk
0,298.9,308.2,2384,15.0,19,9.300000000000011,3744.7784430790334,0,0,0.0015609489305948132,Low Risk
0,302.2,311.3,1382,46.4,94,9.100000000000025,6715.133353097159,0,0,0.000647161937369195,Low Risk
0,299.1,310.0,1394,46.6,27,10.899999999999975,6802.637180475147,0,0,0.0006956413069590051,Low Risk
0,303.7,312.1,1443,45.9,74,8.400000000000034,6935.97684466901,0,0,0.03127103852788885,Low Risk
0,295.6,306.2,1446,49.9,133,10.599999999999966,7556.095818561099,0,0,0.0007537769891327442,Low Risk
0,300.0,311.4,1374,41.9,96,11.399999999999975,6028.779134091886,0,0,0.0023837169171035395,Low Risk
0,303.9,312.9,1526,42.5,194,9.0,6791.599718285535,0,0,0.00025902575140831737,Low Risk
2,298.9,309.6,1600,33.5,175,10.700000000000044,5612.978874413764,0,0,0.00029214436007327994,Low Risk
2,303.5,312.8,1404,55.8,84,9.300000000000011,8204.080719290529,0,0,0.014479140211335144,Low Risk
1,298.0,308.1,1587,32.3,30,10.100000000000025,5367.945119409271,0,0,0.00033637019700073984,Low Risk
1,301.4,311.0,1234,55.8,152,9.600000000000025,7210.709122225436,0,0,0.008196297328883183,Low Risk
1,300.4,309.7,1440,42.8,104,9.300000000000011,6454.08794753487,0,0,0.0007367237169116755,Low Risk
0,298.6,309.5,1687,29.3,47,10.899999999999975,5176.203247785174,0,0,0.0004485294436050904,Low Risk
1,298.8,308.6,1486,41.9,92,9.800000000000011,6520.208000917424,0,0,0.00034586991943730635,Low Risk
1,301.7,310.8,1516,40.4,48,9.100000000000025,6413.708009960729,0,0,0.000292130413201709,Low Risk
0,299.5,309.4,1563,41.5,183,9.899999999999975,6792.594555959171,0,0,0.0002687041567605944,Low Risk
0,301.3,310.8,1628,32.2,43,9.5,5489.577114980758,0,0,0.00025054921062656337,Low Risk
0,302.6,311.0,1660,38.0,99,8.399999999999977,6605.722152948138,0,0,0.00015007251200154924,Low Risk
0,297.8,308.5,1448,40.0,192,10.699999999999989,6065.368216530695,0,0,0.00033611692663855085,Low Risk
2,300.6,311.7,1535,33.3,92,11.099999999999966,5352.802642818968,0,0,0.0008878426734947703,Low Risk
0,296.8,308.0,1497,41.7,231,11.199999999999989,6537.120241369249,0,0,0.029596938610852795,Low Risk
0,301.4,310.7,1280,61.0,106,9.300000000000011,8176.518479743035,0,0,0.06078019261963321,Low Risk
0,301.0,311.5,1444,39.8,197,10.5,6018.369990432989,0,0,0.00028011962921971616,Low Risk
2,297.7,307.3,1514,38.6,19,9.600000000000025,6119.864377094965,0,0,0.0006451390056647875,Low Risk
1,299.6,309.1,1560,37.1,73,9.5,6060.760547305428,0,0,0.00023883037059190231,Low Risk
1,299.0,310.6,1587,34.2,141,11.600000000000025,5683.706597021582,0,0,0.00031397976508643554,Low Risk
1,302.2,311.4,1626,31.6,62,9.199999999999989,5380.668569656311,0,0,0.0003354404180017016,Low Risk
1,297.5,309.5,1553,42.4,60,12.0,6895.502659315261,0,0,0.0007643794951809321,Low Risk
0,296.4,307.5,1549,36.1,58,11.100000000000025,5855.813514560743,0,0,0.0004199560783458604,Low Risk
0,299.6,309.1,1476,45.3,166,9.5,7001.856042614787,0,0,0.0003306763624427343,Low Risk
0,299.0,310.2,1690,30.7,244,11.199999999999989,5433.175054873308,0,0,0.18290438887701893,Low Risk
1,303.5,312.7,1420,49.1,42,9.199999999999989,7301.270766452918,0,0,0.000414631501947284,Low Risk
0,302.2,310.8,1383,46.9,45,8.600000000000023,6792.406060399956,0,0,0.06604312128370393,Low Risk
1,301.0,311.0,1508,46.9,113,10.0,7406.32562478896,0,0,0.00023576626587054,Low Risk
0,298.7,308.5,1483,42.5,46,9.800000000000011,6600.224365804355,0,0,0.00025068671947433186,Low Risk
2,299.4,309.0,1607,33.7,130,9.600000000000025,5671.192586284783,0,0,0.0003238499001532422,Low Risk
1,297.9,309.1,1558,39.2,59,11.200000000000044,6395.612436276054,0,0,0.00033854800036872565,Low Risk
1,295.5,306.1,1822,24.3,164,10.600000000000025,4636.425270020889,0,0,0.0014220503856424037,Low Risk
0,298.0,307.5,1792,27.9,217,9.5,5235.652652766606,0,0,0.07584218065964175,Low Risk
1,298.7,309.6,1254,57.1,124,10.900000000000034,7498.290513735047,0,0,0.006255663473101355,Low Risk
0,300.4,309.6,1432,44.7,192,9.200000000000044,6703.15341311147,0,0,0.0005861373110055352,Low Risk
2,303.8,313.2,1381,52.4,140,9.399999999999975,7577.982247381106,0,0,0.0065641028417336884,Low Risk
0,299.8,310.1,1553,42.0,177,10.300000000000011,6830.450747434928,0,0,0.00022546479764495753,Low Risk
0,302.4,311.7,1495,36.8,215,9.300000000000011,5761.262047663201,0,0,0.06373745619231092,Low Risk
1,300.7,309.6,1568,35.2,82,8.900000000000034,5779.860276172453,0,0,0.00029236742855093966,Low Risk
0,301.6,309.9,1397,43.7,102,8.299999999999955,6393.025858324598,0,0,0.006316545019937214,Low Risk
1,297.3,308.3,1657,31.1,8,11.0,5396.491724654891,0,0,0.0003495530413754739,Low Risk
1,302.5,310.3,1411,49.5,110,7.800000000000011,7314.098936455077,0,0,0.008497057230354713,Low Risk
0,298.3,310.0,1460,47.6,101,11.699999999999989,7277.604101795876,0,0,0.0005117866869062921,Low Risk
0,300.7,311.9,1486,35.8,32,11.199999999999989,5570.965308659756,0,0,0.00036921487656302364,Low Risk
2,297.6,308.6,1463,46.7,85,11.0,7154.673581260909,0,0,0.0006906160207736134,Low Risk
1,296.8,308.1,1843,24.2,212,11.300000000000011,4670.563910189898,0,0,0.039559662463803075,Low Risk
0,302.6,312.1,1420,51.6,182,9.5,7673.02589712771,0,0,0.0003915477369134184,Low Risk
0,303.4,311.5,1414,44.8,71,8.100000000000023,6633.70327151611,0,0,0.08958251021254693,Low Risk
1,299.7,310.9,1685,32.1,88,11.199999999999989,5664.134474789718,0,0,0.00039853873733459495,Low Risk
0,298.2,307.5,1470,51.3,180,9.300000000000011,7897.021453328662,0,0,0.001088803290597172,Low Risk
1,297.4,308.3,1335,57.9,113,10.900000000000034,8094.470551606782,0,0,0.0018523012308237915,Low Risk
2,296.8,308.1,1492,43.7,222,11.300000000000011,6827.769921703865,0,0,0.03565581183340921,Low Risk
1,297.2,308.5,1364,54.0,43,11.300000000000011,7713.238283093659,0,0,0.00066713474425696,Low Risk
0,302.5,310.2,1454,43.0,108,7.699999999999989,6547.288529591368,0,0,0.00041323968836142074,Low Risk
1,300.0,309.6,1477,38.1,13,9.600000000000025,5892.968083677198,0,0,0.0004236567756704883,Low Risk
2,298.1,307.7,1376,56.2,113,9.599999999999966,8098.104327109433,0,0,0.00715975509465741,Low Risk
0,300.4,311.6,1674,33.0,172,11.200000000000044,5784.928712320245,0,0,0.0007875463663124032,Low Risk
0,300.3,309.6,1624,32.6,175,9.300000000000011,5544.115163447075,0,0,0.0006087202962287007,Low Risk
1,300.1,310.3,1350,48.8,50,10.199999999999989,6898.9374672831855,0,0,0.0004861457170629392,Low Risk
2,297.8,309.2,1648,33.0,29,11.399999999999975,5695.079162427576,0,0,0.0014202981397181277,Low Risk
1,300.4,311.6,1401,49.9,79,11.200000000000044,7320.947608439902,0,0,0.0005659297811014617,Low Risk
0,298.0,309.1,1820,23.6,120,11.100000000000025,4497.922921899627,0,0,0.0015169555310842698,Low Risk
0,297.5,308.6,1513,39.7,32,11.100000000000025,6290.107282992996,0,0,0.0006925905019219382,Low Risk
1,297.4,307.9,1627,34.3,166,10.5,5844.001126183245,0,0,0.0003448219750179348,Low Risk
1,303.5,312.3,1593,35.2,29,8.800000000000011,5872.013660677754,0,0,0.00023525495386944668,Low Risk
0,302.7,311.8,1461,46.1,10,9.100000000000025,7053.095418794837,0,0,0.0006074750294767685,Low Risk
0,303.7,312.8,1627,31.7,40,9.100000000000025,5401.0156180760605,0,0,0.0005224080495660968,Low Risk
1,297.4,308.4,1564,35.0,105,11.0,5732.359395250176,0,0,0.0003092560897294279,Low Risk
1,299.1,308.5,1587,35.6,2,9.399999999999975,5916.372948946442,0,0,0.0002863053535975744,Low Risk
0,298.5,309.4,1364,44.5,162,10.899999999999975,6356.279696253108,0,0,0.0005804934430307,Low Risk
1,300.4,311.6,1518,36.4,53,11.200000000000044,5786.311013087825,0,0,0.0005192109631197519,Low Risk
1,297.1,308.6,1717,31.3,61,11.5,5627.859551616267,0,0,0.0007675452972441966,Low Risk
1,300.9,312.1,1297,48.6,76,11.200000000000044,6600.925988163659,0,0,0.0004804979231115197,Low Risk
2,300.4,309.7,1500,35.2,112,9.300000000000011,5529.203070318036,0,0,0.0006589176562971198,Low Risk
0,296.7,307.8,1468,39.2,35,11.100000000000025,6026.161140213894,0,0,0.0007415807726877035,Low Risk
0,298.9,308.9,1453,40.8,11,10.0,6208.038410905718,0,0,0.00029947303806494456,Low Risk
0,298.5,309.6,1582,40.3,103,11.100000000000025,6676.36609975186,0,0,0.0004357723444896072,Low Risk
2,300.8,310.3,1457,46.8,182,9.5,7140.588774197312,0,0,0.0006183699726356304,Low Risk
0,299.1,308.2,1409,46.4,12,9.099999999999966,6846.326262311069,0,0,0.00102723061160831,Low Risk
0,297.6,307.1,1496,39.2,12,9.5,6141.101543433232,0,0,0.00039913880366666566,Low Risk
0,300.2,310.2,1415,49.6,21,10.0,7349.651293318201,0,0,0.000457533826531535,Low Risk
1,298.8,309.9,1415,53.2,194,11.099999999999966,7883.093725897748,0,0,0.008099149141418613,Low Risk
2,299.9,311.3,1413,41.8,153,11.400000000000034,6185.104784534512,0,0,0.001090919550808397,Low Risk
0,300.8,310.8,1407,45.1,51,10.0,6645.065364946595,0,0,0.0006184141636924676,Low Risk
0,301.1,310.1,1457,39.6,215,9.0,6042.0366550900335,0,0,0.04935694119531383,Low Risk
0,302.2,310.8,2203,16.6,47,8.600000000000023,3829.580500774935,0,0,0.00047577522917585305,Low Risk
0,301.6,311.0,1485,40.1,142,9.399999999999975,6235.904337743061,0,0,0.00022571231073294256,Low Risk
2,298.2,307.6,1318,55.7,0,9.400000000000034,7687.749494697535,0,0,0.007235478016796221,Low Risk
0,297.0,307.8,1521,40.2,190,10.800000000000011,6403.0056509875,0,0,0.00031303421774472027,Low Risk
0,300.3,309.9,1527,41.4,2,9.599999999999966,6620.152535203626,0,0,0.0005739111292102201,Low Risk
2,300.4,310.1,1484,38.0,198,9.700000000000044,5905.356430707854,0,0,0.0032877374256605647,Low Risk
1,298.8,308.5,1425,47.4,90,9.699999999999989,7073.295859557418,0,0,0.000604182198173197,Low Risk
0,300.3,311.8,1413,46.0,182,11.5,6806.574643267646,0,0,0.0016522755571341302,Low Risk
0,303.7,312.7,1540,44.8,196,9.0,7224.825345215567,0,0,0.0007728537439928309,Low Risk
0,300.6,310.4,2007,19.8,116,9.799999999999956,4161.416460798112,0,0,0.0008130577706268584,Low Risk
0,299.1,310.1,1373,55.6,108,11.0,7994.180442128683,0,0,0.013390607180981706,Low Risk
0,297.4,308.5,1477,40.7,74,11.100000000000025,6295.112887287715,0,0,0.0003692053871463762,Low Risk
0,299.6,310.9,1716,28.5,117,11.299999999999956,5121.424343882081,0,0,0.00113880840247981,Low Risk
1,302.3,310.8,1762,27.8,127,8.5,5129.550596879366,0,0,0.0006268195908470226,Low Risk
1,300.6,310.2,1478,40.1,5,9.599999999999966,6206.509502480972,0,0,0.0002600825608761495,Low Risk
1,298.0,308.7,1494,42.6,96,10.699999999999989,6664.825982737675,0,0,0.0002781045597437916,Low Risk
0,298.8,309.9,1550,38.8,53,11.099999999999966,6297.846072896338,0,0,0.001884904281697238,Low Risk
0,301.2,311.0,1596,37.2,219,9.800000000000011,6217.337525160345,0,0,0.04993356663836218,Low Risk
1,298.8,308.6,1507,42.3,207,9.800000000000011,6675.475981833344,0,0,0.030867402515815375,Low Risk
1,299.2,308.9,1573,37.4,212,9.699999999999989,6160.684137640608,0,0,0.029847214022749317,Low Risk
0,303.9,312.7,1528,38.4,177,8.800000000000011,6144.452575597061,0,0,0.00023490443987241608,Low Risk
1,300.3,311.8,1483,45.1,181,11.5,7004.00279759474,0,0,0.0008621449320869909,Low Risk
0,301.2,310.6,1389,45.3,64,9.400000000000034,6589.145015712695,0,0,0.0005492486871800329,Low Risk
0,298.4,309.1,1467,42.5,139,10.700000000000044,6529.014932322988,0,0,0.00027959269960621004,Low Risk
0,300.1,309.3,1616,32.0,199,9.199999999999989,5415.267976747846,0,0,0.003999361639847371,Low Risk
0,300.8,310.2,1514,40.0,155,9.399999999999975,6341.828370046595,0,0,0.0002590131770450014,Low Risk
1,298.7,309.8,1528,36.7,197,11.100000000000025,5872.432539698233,0,0,0.0005940159770918237,Low Risk
1,299.8,309.3,1470,42.7,119,9.5,6573.154309105924,0,0,0.000258404331995612,Low Risk
0,298.6,309.5,1450,44.3,7,10.899999999999975,6726.6734701113455,0,0,0.0003370383408587574,Low Risk
1,299.2,310.4,1504,43.3,37,11.199999999999989,6819.685556608627,0,0,0.0002847731648009058,Low Risk
0,300.8,311.8,1417,43.4,223,11.0,6440.034556397813,0,0,0.07396741492591358,Low Risk
0,302.3,311.2,1386,53.5,59,8.899999999999977,7765.074561877891,0,0,0.000822296707161676,Low Risk
0,298.2,308.4,1477,49.9,72,10.199999999999989,7718.086807755699,0,0,0.0006896706206756783,Low Risk
0,300.1,310.4,1554,39.4,115,10.299999999999956,6411.73927856448,0,0,0.00019577316815856536,Low Risk
2,303.9,312.7,1401,50.0,129,8.800000000000011,7335.618846132166,0,0,0.0017613070311165808,Low Risk
1,299.6,310.8,1603,35.4,202,11.199999999999989,5942.448167971237,0,0,0.00935461846148693,Low Risk
1,299.2,308.4,1529,43.0,50,9.199999999999989,6885.009739852271,0,0,0.00030225144175250704,Low Risk
1,299.9,309.3,1452,41.9,106,9.400000000000034,6371.024237773957,0,0,0.00030245795301172456,Low Risk
0,298.5,309.4,1911,21.5,164,10.899999999999975,4302.568218723902,0,0,0.0015349980344721808,Low Risk
0,304.1,313.6,1382,46.7,134,9.5,6758.55016356977,0,0,0.0012496950917920248,Low Risk
0,296.6,307.6,1809,25.1,86,11.0,4754.89472898776,0,0,0.0010626539401243388,Low Risk
0,297.9,308.0,1954,21.1,42,10.100000000000025,4317.532671730501,0,0,0.0011780998318752858,Low Risk
0,298.2,308.1,1462,50.8,27,9.900000000000034,7777.494324835084,0,0,0.00031979897803269974,Low Risk
0,301.1,311.3,1622,35.6,34,10.199999999999989,6046.853763825538,0,0,0.00025772130165484854,Low Risk
1,297.5,308.8,1471,52.3,152,11.300000000000011,8056.436336547321,0,0,0.015525319180877305,Low Risk
0,299.1,308.8,1413,42.1,86,9.699999999999989,6229.495488729737,0,0,0.0005816812177845745,Low Risk
0,297.5,308.5,1597,36.4,112,11.0,6087.443140909918,0,0,0.00027035250396223676,Low Risk
0,300.1,310.2,1475,54.2,53,10.099999999999966,8371.820823041202,0,0,0.0057319523110506,Low Risk
0,300.5,311.6,1534,37.7,90,11.100000000000025,6056.13193412914,0,0,0.000546236089333055,Low Risk
1,300.3,311.2,1381,65.2,136,10.899999999999975,9429.092414680308,1,1,0.98,High Risk
0,302.2,311.3,1475,48.6,104,9.100000000000025,7506.835645752812,0,0,0.0003668448424145761,Low Risk
2,301.9,311.2,1474,41.8,18,9.300000000000011,6452.119216138622,0,0,0.00031961645418595794,Low Risk
1,298.8,310.2,1527,31.2,102,11.399999999999975,4989.100461312878,0,0,0.001680517295032455,Low Risk
0,299.7,309.4,1399,39.9,91,9.699999999999989,5845.46720275492,0,0,0.0007082533997755271,Low Risk
0,300.8,311.9,1560,31.8,21,11.099999999999966,5194.937611976082,0,0,0.0009918033234837067,Low Risk
0,297.4,308.6,1276,53.6,103,11.200000000000044,7162.161043751962,0,0,0.0008407211237101114,Low Risk
0,298.4,308.0,1380,47.6,130,9.600000000000025,6878.8312743002125,0,0,0.013387092942052876,Low Risk
0,298.6,309.9,1393,45.5,38,11.299999999999956,6637.295159116717,0,0,0.0019834061777252183,Low Risk
1,297.9,307.3,1420,47.8,171,9.400000000000034,7107.958098502026,0,0,0.0014454871268421046,Low Risk
0,299.4,310.6,1418,53.1,10,11.200000000000044,7884.957737538879,0,0,0.001136914940065674,Low Risk
1,300.9,310.7,1696,27.3,76,9.800000000000011,4848.608437844344,0,0,0.006291124465196118,Low Risk
0,298.8,309.9,1441,41.6,62,11.099999999999966,6277.488552501078,0,0,0.0021228723020444633,Low Risk
0,300.4,311.7,1460,39.6,162,11.300000000000011,6054.47736199825,0,0,0.0005293387060175869,Low Risk
1,298.5,309.4,1521,37.5,94,10.899999999999975,5972.953032637593,0,0,0.0004207001625463904,Low Risk
0,303.3,311.5,1412,55.6,67,8.199999999999989,8221.254759130154,0,0,0.013086524211919066,Low Risk
0,300.3,309.9,1570,34.0,31,9.599999999999966,5589.94052828744,0,0,0.0005910683404809017,Low Risk
1,298.0,307.6,1459,44.4,163,9.600000000000025,6783.703848749512,0,0,0.0004231748867421172,Low Risk
2,303.7,312.7,1564,40.2,150,9.0,6584.024219687346,0,0,0.0002544064754463434,Low Risk
0,300.5,309.8,1421,49.6,211,9.300000000000011,7380.815892441812,0,0,0.07786476571954264,Low Risk
0,299.7,309.2,1422,40.4,140,9.5,6016.024267918309,0,0,0.0005036328178099242,Low Risk
0,301.9,310.8,1540,37.6,83,8.900000000000034,6063.69270044878,0,0,0.00031433603991930085,Low Risk
1,298.2,308.0,1969,21.7,32,9.800000000000011,4474.392392924239,0,0,0.0011919124854320852,Low Risk
0,297.4,308.4,1603,34.6,65,11.0,5808.155554005786,0,0,0.00029276546072972174,Low Risk
1,300.2,310.1,1550,38.7,45,9.900000000000034,6281.614510852792,0,0,0.0001891692715465834,Low Risk
1,299.6,309.2,1393,47.7,28,9.599999999999966,6958.219320656426,0,0,0.0005090352162702601,Low Risk
0,302.5,310.9,1624,34.4,146,8.399999999999977,5850.231951612865,0,0,0.00019190262049709,Low Risk
0,298.8,310.5,1384,52.8,200,11.699999999999989,7652.417049320161,0,0,0.0759769154394515,Low Risk
1,298.2,309.4,1693,34.4,73,11.199999999999989,6098.794762364889,0,0,0.00045641143080223415,Low Risk
0,301.7,310.8,1622,37.8,0,9.100000000000025,6420.535737994532,0,0,0.00032991940436380033,Low Risk
1,298.0,308.1,1339,51.6,197,10.100000000000025,7235.339208629582,0,0,0.003744450854591838,Low Risk
0,298.3,308.0,1451,47.1,196,9.699999999999989,7156.7679763633,0,0,0.0004037861890593591,Low Risk
0,302.4,310.1,1426,46.8,95,7.700000000000045,6988.661353469709,0,0,0.002326481170735841,Low Risk
0,301.4,311.0,1470,40.6,86,9.600000000000025,6249.884425051534,0,0,0.00023851346956049328,Low Risk
0,301.5,310.7,1323,49.7,79,9.199999999999989,6885.648530358501,0,0,0.0066601245505883465,Low Risk
0,303.9,313.2,1393,46.5,9,9.300000000000011,6783.169777998402,0,0,0.0009354289904811307,Low Risk
2,304.1,313.4,1696,29.6,65,9.299999999999956,5257.099258615112,0,0,0.00035897038524782405,Low Risk
0,296.6,307.4,1436,42.8,156,10.799999999999956,6436.159925458384,0,0,0.0005590158617383482,Low Risk
0,299.1,310.5,1628,35.9,174,11.399999999999975,6120.36703191954,0,0,0.0003224079961562819,Low Risk
1,299.5,309.2,1497,40.9,169,9.699999999999989,6411.707862637944,0,0,0.00020518181220464547,Low Risk
1,301.7,310.7,1861,21.8,84,9.0,4248.459521253573,0,0,0.0008869126696098113,Low Risk
0,298.7,308.5,1480,42.2,58,9.800000000000011,6540.377025753471,0,0,0.00025068671947433186,Low Risk
1,300.1,309.3,1469,43.9,20,9.199999999999989,6753.282759887251,0,0,0.00034765703272307915,Low Risk
0,298.8,308.6,1593,35.5,175,9.800000000000011,5922.059231649439,0,0,0.00036061223112586547,Low Risk
1,301.7,311.0,1311,46.8,136,9.300000000000011,6425.059631415701,0,0,0.002707978914988326,Low Risk
1,300.8,310.2,1304,52.5,157,9.399999999999975,7169.114435491908,0,0,0.0006048050525430257,Low Risk
1,298.2,308.9,1614,35.5,15,10.699999999999989,6000.127809091146,0,0,0.00028671449192572426,Low Risk
0,300.2,311.4,1433,37.9,36,11.199999999999989,5687.403204377305,0,0,0.010684522651247277,Low Risk
1,300.5,310.5,1469,42.9,14,10.0,6599.449439616471,0,0,0.0004599698713942031,Low Risk
0,298.1,309.9,1634,30.0,53,11.799999999999956,5133.362395965722,0,0,0.0005688212227211732,Low Risk
0,297.9,308.9,1393,40.6,45,11.0,5922.509526596455,0,0,0.0008662898241864085,Low Risk
0,302.9,312.3,1889,22.8,148,9.400000000000034,4510.196077199651,0,0,0.0008493597031788473,Low Risk
0,298.8,308.6,1680,29.4,95,9.800000000000011,5172.318144870235,0,0,0.0005207528391750657,Low Risk
0,299.1,310.4,1594,33.3,147,11.299999999999956,5558.545545702565,0,0,0.00032811728044083505,Low Risk
0,302.6,310.6,1549,37.5,199,8.0,6082.908775513237,0,0,0.0004720824641937815,Low Risk
1,300.2,310.2,1429,43.8,54,10.0,6554.430416890529,0,0,0.00046781347252276644,Low Risk
1,299.8,309.7,1705,28.5,103,9.899999999999975,5088.594700652067,0,0,0.0012688217776300602,Low Risk
1,300.0,311.3,1629,32.1,55,11.300000000000011,5475.890242986617,0,0,0.0003281452685730128,Low Risk
0,300.6,311.7,1448,49.1,206,11.099999999999966,7445.239485791427,0,0,0.037610097128440115,Low Risk
2,303.5,312.0,1397,52.9,80,8.5,7738.926039024512,0,0,0.07192123201629626,Low Risk
2,301.5,310.5,1551,34.3,166,9.0,5571.017668537316,0,0,0.0003171216989075901,Low Risk
1,298.1,308.2,1736,26.8,27,10.099999999999966,4872.065662991146,0,0,0.0009096277709128338,Low Risk
1,298.3,307.8,1392,50.4,101,9.5,7346.802915978947,0,0,0.0006196073804797185,Low Risk
0,300.5,311.9,1887,21.7,56,11.399999999999975,4288.054060664316,0,0,0.001777983664636631,Low Risk
0,300.5,311.6,1497,40.5,180,11.100000000000025,6349.0016732722925,0,0,0.0005664996945711417,Low Risk
0,297.1,308.3,1773,23.8,169,11.199999999999989,4418.901394686332,0,0,0.0046954542482142946,Low Risk
0,302.4,310.1,1709,31.8,100,7.700000000000045,5691.120755684054,0,0,0.0003712456472326814,Low Risk
0,297.0,307.8,1385,56.4,202,10.800000000000011,8180.078951417104,1,1,0.45901738247944707,Medium Risk
0,298.3,308.0,1442,47.3,65,9.699999999999989,7142.578449544586,0,0,0.0004026878973238457,Low Risk
0,297.3,308.1,1642,36.9,206,10.800000000000011,6344.94901874916,0,0,0.03365372827189465,Low Risk
1,297.8,307.4,1330,51.7,183,9.599999999999966,7200.635081782925,0,0,0.0006683649851060847,Low Risk
0,301.0,311.4,1478,39.5,75,10.399999999999975,6113.644023640857,0,0,0.00023218318022823054,Low Risk
1,298.1,308.0,1374,48.8,156,9.899999999999975,7021.585244479332,0,0,0.00042742177342267393,Low Risk
0,300.8,311.9,1414,41.1,171,11.099999999999966,6085.830456681075,0,0,0.0006669214841681238,Low Risk
1,300.8,310.6,1669,28.4,79,9.800000000000011,4963.674504769825,0,0,0.0014431463269205691,Low Risk
0,301.9,311.2,1369,49.8,66,9.300000000000011,7139.394968988948,0,0,0.008138702475316742,Low Risk
0,302.2,311.2,1649,33.2,9,9.0,5733.07148958499,0,0,0.00040041563885450347,Low Risk
1,303.4,311.8,1341,47.0,210,8.400000000000034,6600.172005926797,1,1,0.8773119461183977,High Risk
0,299.1,308.5,1455,39.8,145,9.399999999999975,6064.216299224377,0,0,0.0006459954091533844,Low Risk
1,301.4,310.8,1782,26.5,6,9.400000000000034,4945.180996015693,0,0,0.000792998357797119,Low Risk
0,298.0,308.9,1390,53.9,88,10.899999999999975,7845.70877332003,0,0,0.0011690758425042139,Low Risk
1,301.1,310.5,1646,30.7,76,9.399999999999975,5291.719609657672,0,0,0.00028492599116753883,Low Risk
0,300.7,309.6,1733,24.8,85,8.900000000000034,4500.687523434785,0,0,0.0014932341357182376,Low Risk
1,298.9,309.0,1812,25.9,174,10.100000000000025,4914.581883569729,0,0,0.0014348671369355376,Low Risk
1,297.8,307.4,1752,26.1,52,9.599999999999966,4788.541186307707,0,0,0.0011020977938696675,Low Risk
1,300.8,309.7,1519,39.7,16,8.899999999999977,6315.0515286625,0,0,0.00031601514150428155,Low Risk
1,300.9,310.8,1599,33.0,7,9.900000000000034,5525.747318399087,0,0,0.0002446533507342231,Low Risk
1,299.1,308.9,1325,48.4,220,9.799999999999956,6715.677895823781,0,0,0.2085301547361064,Low Risk
1,300.9,312.0,1402,50.7,185,11.100000000000025,7443.626801562585,0,0,0.0005666646612238302,Low Risk
2,300.5,311.6,1506,36.2,10,11.100000000000025,5709.027833809517,0,0,0.002203850801506827,Low Risk
2,302.8,312.3,1483,47.2,223,9.5,7330.131530963897,0,0,0.13178273355363523,Low Risk
0,301.5,310.5,1611,33.8,144,9.0,5702.17916182469,0,0,0.0002849730209756301,Low Risk
0,299.8,309.1,1578,42.1,191,9.300000000000011,6956.931267668453,0,0,0.0005725932391968814,Low Risk
1,298.2,308.8,1626,40.4,20,10.600000000000025,6879.082601712498,0,0,0.00030370442448224364,Low Risk
0,297.3,308.3,2358,14.9,49,11.0,3679.24482032515,0,0,0.002178390864565855,Low Risk
0,302.1,310.6,1385,53.6,5,8.5,7773.975741063064,0,0,0.04152939381920578,Low Risk
2,299.1,308.8,1566,46.6,192,9.699999999999989,7641.986961710243,0,0,0.0005214537730446355,Low Risk
0,298.0,309.2,1458,39.8,87,11.199999999999989,6076.719837985664,0,0,0.00035352256190848653,Low Risk
1,300.5,310.0,1580,37.0,181,9.5,6121.91688429531,0,0,0.0004707629308906949,Low Risk
1,301.7,310.0,1391,50.6,195,8.300000000000011,7370.658076195206,0,0,0.027003426737597036,Low Risk
0,298.3,309.1,1616,31.1,195,10.800000000000011,5262.963564901813,0,0,0.00034697666433661565,Low Risk
0,297.9,307.8,1505,37.3,100,9.900000000000034,5878.60053327478,0,0,0.0004316470540350282,Low Risk
1,302.9,312.4,1334,50.9,5,9.5,7110.53420447797,0,0,0.0068178821458448995,Low Risk
0,303.5,311.7,1620,31.0,141,8.199999999999989,5259.026102109314,0,0,0.0001609913619436061,Low Risk
0,300.8,311.4,1492,40.6,20,10.599999999999966,6343.420110324415,0,0,0.00022119627388686965,Low Risk
1,300.2,311.6,1415,55.8,82,11.400000000000034,8268.357704982976,0,0,0.0038881060187530587,Low Risk
0,298.3,308.9,1862,27.0,172,10.599999999999966,5264.680968885776,0,0,0.0016507534625908064,Low Risk
1,302.3,310.8,1611,31.8,169,8.5,5364.772110829146,0,0,0.00026262675845970895,Low Risk
2,298.7,308.4,1432,42.8,197,9.699999999999989,6418.2319033818985,0,0,0.0009295922826957449,Low Risk
0,297.9,309.1,1457,44.4,28,11.200000000000044,6774.404734494886,0,0,0.0003811264653230818,Low Risk
0,298.8,308.6,1268,55.8,155,9.800000000000011,7409.383441638455,0,0,0.0029213461343267815,Low Risk
1,298.5,308.6,1384,54.4,44,10.100000000000025,7884.308475057136,0,0,0.0006169420896175476,Low Risk
0,296.3,307.4,1472,39.9,51,11.099999999999966,6150.484433491953,0,0,0.00042477998230811725,Low Risk
0,303.6,312.9,1873,23.5,7,9.299999999999956,4609.292381469385,0,0,0.0010546114316747222,Low Risk
0,301.5,311.1,1426,52.1,121,9.600000000000025,7780.112318713074,0,0,0.0003448636206555955,Low Risk
2,300.6,310.4,1510,42.8,124,9.799999999999956,6767.828333873371,0,0,0.00038902701404854473,Low Risk
1,302.7,312.0,1944,21.4,71,9.300000000000011,4356.509364586038,0,0,0.0007822665655008888,Low Risk
0,300.3,310.3,1362,60.3,206,10.0,8600.486880320488,1,1,0.8474740108901543,High Risk
0,297.2,307.9,1326,75.4,172,10.699999999999989,10469.923004765633,1,1,1.0,High Risk
0,300.0,311.2,1351,44.1,206,11.199999999999989,6239.108762249722,0,0,0.062456204757159836,Low Risk
0,297.1,307.8,1536,40.4,92,10.699999999999989,6498.321572097415,0,0,0.00028101553950058816,Low Risk
0,297.6,308.6,1576,32.7,83,11.0,5396.7535240426905,0,0,0.00029627669668477795,Low Risk
0,300.5,311.5,1487,43.0,78,11.0,6695.885862106166,0,0,0.00048185946959230895,Low Risk
0,299.8,309.6,1447,43.1,12,9.800000000000011,6530.920831866165,0,0,0.000288856801467796,Low Risk
1,295.5,305.9,1453,47.3,9,10.399999999999975,7197.064138133344,0,0,0.00040998597734519796,Low Risk
0,297.6,308.3,1617,31.7,39,10.699999999999989,5367.819455703128,0,0,0.00032903353878167667,Low Risk
0,302.4,311.5,1590,39.9,58,9.100000000000025,6643.525984546334,0,0,0.00021735941787952423,Low Risk
1,299.6,309.4,1642,30.3,80,9.799999999999956,5210.080088566384,0,0,0.00032015893286914344,Low Risk
0,297.1,308.4,1529,40.4,165,11.299999999999956,6468.706825349575,0,0,0.0003324421828228232,Low Risk
0,298.1,309.9,1563,32.8,51,11.799999999999956,5368.604853866525,0,0,0.0006052619933584847,Low Risk
1,299.1,308.9,1476,42.7,225,9.799999999999956,6599.983510367581,0,0,0.04297050678811854,Low Risk
1,297.9,308.8,1469,49.0,51,10.900000000000034,7537.83269326823,0,0,0.00030630156059938124,Low Risk
0,297.7,308.1,1697,29.1,179,10.400000000000034,5171.344251147623,0,0,0.00377300984812915,Low Risk
0,297.6,308.3,1478,42.3,193,10.699999999999989,6547.016258228056,0,0,0.00029243297463333283,Low Risk
0,303.3,312.2,1506,40.0,50,8.899999999999977,6308.318048408305,0,0,0.00021009003998383885,Low Risk
1,302.9,312.5,1924,24.0,17,9.600000000000025,4835.539412405409,0,0,0.0025994688370243628,Low Risk
0,299.0,308.7,1706,28.6,206,9.699999999999989,5109.444403896391,0,0,0.02134908140347893,Low Risk
0,298.4,308.8,1458,40.1,111,10.400000000000034,6122.524258875003,0,0,0.0002902089362033586,Low Risk
0,300.5,310.8,1445,46.6,155,10.300000000000011,7051.51415049253,0,0,0.0005363848468230869,Low Risk
0,298.1,307.5,1684,33.1,200,9.399999999999975,5837.121038271884,0,0,0.03547387532105549,Low Risk
0,296.8,307.9,1611,35.4,72,11.099999999999966,5972.104802621125,0,0,0.00042285127232385685,Low Risk
0,303.0,312.6,1451,42.1,125,9.600000000000025,6397.026152970168,0,0,0.0002197096030063141,Low Risk
0,297.9,308.4,1646,40.6,175,10.5,6998.169907234576,0,0,0.0002797715623803138,Low Risk
0,298.8,308.4,1737,27.7,130,9.599999999999966,5038.580545606917,0,0,0.0012646226505452851,Low Risk
1,297.6,308.7,1408,54.8,147,11.099999999999966,8080.008753424755,0,0,0.00605886531648903,Low Risk
0,302.5,311.2,1227,60.1,167,8.699999999999989,7722.317485862535,0,0,0.06393514220326108,Low Risk
1,300.7,310.7,1347,46.5,183,10.0,6559.174221797451,0,0,0.0007676037418283564,Low Risk
0,304.2,313.3,1668,35.7,180,9.100000000000025,6235.810089963453,0,0,0.0005842430630311278,Low Risk
0,302.0,310.6,1361,46.7,182,8.600000000000023,6655.851499723921,0,1,0.4770747630143131,Medium Risk
1,301.2,310.8,1396,47.4,5,9.600000000000025,6929.348084169935,0,0,0.0004106511579648869,Low Risk
1,300.4,311.7,1398,42.6,176,11.300000000000011,6236.5640722003145,0,0,0.0005417949293323082,Low Risk
0,302.4,311.0,1610,33.1,161,8.600000000000023,5580.620470081789,0,0,0.00017710862520495794,Low Risk
0,299.0,310.3,1431,39.9,157,11.300000000000011,5979.173386091702,0,0,0.0007491962321107946,Low Risk
1,301.4,311.0,1486,36.5,91,9.600000000000025,5679.894797935226,0,0,0.0002735815735889433,Low Risk
0,300.6,309.4,1369,51.6,71,8.799999999999955,7397.445389554814,0,0,0.021080237857721597,Low Risk
0,301.5,311.1,2055,16.8,105,9.600000000000025,3615.3448257511336,0,0,0.0008450693696851132,Low Risk
0,300.4,309.6,1386,56.9,170,9.200000000000044,8258.555935903776,0,0,0.002761762405348791,Low Risk
0,300.2,309.5,1495,32.6,49,9.300000000000011,5103.7267052668585,0,0,0.000348214957881413,Low Risk
0,298.8,309.7,1609,40.4,169,10.899999999999975,6807.1610738963145,0,0,0.00043311426778680403,Low Risk
0,303.8,312.5,1372,45.7,180,8.699999999999989,6565.970533904717,0,0,0.015469720793876662,Low Risk
2,298.8,309.7,1461,55.1,118,10.899999999999975,8430.055478863243,0,0,0.0031292075675747695,Low Risk
1,299.8,311.0,1948,20.0,185,11.199999999999989,4079.881659461944,0,0,0.003187467988710977,Low Risk
2,297.8,307.5,1631,31.3,124,9.699999999999989,5345.974914785167,0,0,0.0004946071487804016,Low Risk
0,300.4,309.9,1376,43.5,74,9.5,6268.1056624423545,0,0,0.0013094145069130038,Low Risk
2,301.9,311.0,1336,63.6,111,9.100000000000025,8897.995704615445,0,0,0.16786835910040934,Low Risk
1,296.9,307.9,1385,44.8,144,11.0,6497.651365664649,0,0,0.002665802023433819,Low Risk
2,298.1,309.5,1530,40.2,65,11.399999999999975,6440.893258389794,0,0,0.0007670531995626345,Low Risk
1,304.3,313.6,1585,32.1,202,9.300000000000011,5327.98406085561,0,0,0.06451227933642965,Low Risk
0,296.6,307.5,1439,45.5,199,10.899999999999975,6856.473606582163,0,0,0.01706094360291942,Low Risk
0,296.4,307.4,2833,5.6,213,11.0,1661.3579710223785,1,1,0.8534482586286221,High Risk
1,298.1,308.6,1415,46.3,27,10.5,6860.66239678695,0,0,0.0012287719230390647,Low Risk
0,302.3,310.9,1545,36.7,18,8.599999999999966,5937.76719491739,0,0,0.0002630137313933331,Low Risk
1,297.0,308.3,1399,46.4,132,11.300000000000011,6797.736295935547,0,0,0.0007829132775388706,Low Risk
0,302.7,312.4,1423,51.9,60,9.699999999999989,7733.941378680817,0,0,0.0066643813733329015,Low Risk
0,295.8,306.3,1337,54.6,87,10.5,7644.563067686186,0,0,0.0011314674297649256,Low Risk
0,299.1,308.7,1498,38.9,181,9.599999999999966,6102.250514283838,0,0,0.00030588720040108713,Low Risk
1,303.5,313.0,1492,46.1,89,9.5,7202.750420836343,0,0,0.005920551543727813,Low Risk
1,301.7,311.0,1298,58.1,168,9.300000000000011,7897.314668642998,0,0,0.02954530749530275,Low Risk
0,303.2,312.6,1601,35.3,148,9.400000000000034,5918.268376514107,0,0,0.00025166573326279227,Low Risk
0,303.7,312.3,1384,45.9,121,8.600000000000023,6652.385275829458,0,0,0.11793377701900994,Low Risk
0,302.1,311.0,1351,49.5,196,8.899999999999977,7003.081263749687,0,0,0.04990400701679855,Low Risk
0,300.7,310.2,1569,32.8,31,9.5,5389.213701674074,0,0,0.00029109845776662137,Low Risk
1,302.6,310.2,2676,10.8,84,7.599999999999966,3026.484698762263,1,1,0.91,High Risk
0,298.8,309.8,1485,42.4,74,11.0,6593.574661354258,0,0,0.0005437750625460524,Low Risk
0,301.6,309.8,1588,33.9,89,8.199999999999989,5637.399521307668,0,0,0.0002683102214432882,Low Risk
0,299.4,308.7,1681,30.8,171,9.300000000000011,5421.844377369361,0,0,0.0012539037023065872,Low Risk
0,300.1,309.4,1694,27.4,44,9.299999999999956,4860.63026573208,0,0,0.003288127218526711,Low Risk
0,299.1,308.2,1493,34.9,119,9.099999999999966,5456.496144338456,0,0,0.00038812624267686496,Low Risk
1,298.6,309.0,1481,40.8,6,10.399999999999975,6327.670259154418,0,0,0.00028187044469443794,Low Risk
0,299.0,310.2,1494,40.6,67,11.199999999999989,6351.923354440131,0,0,0.00027979879902393355,Low Risk
0,297.9,307.7,1492,43.7,59,9.800000000000011,6827.769921703865,0,0,0.0003034187505510224,Low Risk
0,300.6,309.3,1409,38.7,115,8.699999999999989,5710.190223091344,0,0,0.0007502814418153357,Low Risk
2,298.7,308.4,1560,33.3,53,9.699999999999989,5439.981838956085,0,0,0.00035573089587525973,Low Risk
0,298.8,309.8,1363,44.0,25,11.0,6280.253154036236,0,0,0.002076691760399264,Low Risk
1,298.6,309.7,1675,28.4,115,11.099999999999966,4981.518751042216,0,0,0.0022079927518085345,Low Risk
0,302.6,312.3,1554,42.0,58,9.699999999999989,6834.8489771499535,0,0,0.00020271111747381743,Low Risk
0,297.5,308.9,1469,44.0,185,11.399999999999975,6768.666091914329,0,0,0.00041190841624252146,Low Risk
1,297.6,308.5,1431,52.6,26,10.899999999999975,7882.318799709863,0,0,0.0004501791837718805,Low Risk
0,299.7,310.3,1495,43.1,101,10.600000000000025,6747.565061257717,0,0,0.0002342020202346407,Low Risk
0,298.6,308.2,1325,54.0,41,9.599999999999966,7492.698478811657,0,0,0.0012294508488892527,Low Risk
0,300.9,310.5,1616,33.5,25,9.600000000000025,5669.108663157901,0,0,0.0002892538884782319,Low Risk
1,302.3,310.7,1559,33.9,119,8.399999999999977,5534.449530049531,0,0,0.00024314873007965496,Low Risk
1,298.3,307.7,1602,33.4,106,9.399999999999975,5603.218993236612,0,0,0.0005510047179271717,Low Risk
1,297.3,308.5,1520,42.4,171,11.199999999999989,6748.978777951834,0,0,0.00036791541495659,Low Risk
0,301.7,310.8,1559,44.5,135,9.100000000000025,7264.985371303956,0,0,0.00031453692695936617,Low Risk
0,302.4,311.8,1648,30.0,122,9.400000000000034,5177.344693115979,0,0,0.00026301843511172064,Low Risk
0,298.3,308.1,1840,21.5,88,9.800000000000011,4142.713512533741,0,0,0.0009152169772763435,Low Risk
1,301.7,310.6,1417,45.2,185,8.900000000000034,6707.1327638060175,0,0,0.0011169491132405444,Low Risk
0,304.0,313.2,1632,30.6,121,9.199999999999989,5229.620794871714,0,0,0.00024001656959680176,Low Risk
0,302.3,311.7,1400,41.6,136,9.399999999999975,6098.878538168984,0,0,0.000532855073294777,Low Risk
1,302.9,312.4,1659,33.1,152,9.5,5750.465440910365,0,0,0.0006661732060997756,Low Risk
2,302.5,311.9,1595,34.6,112,9.399999999999975,5779.169125788665,0,0,0.00028359159770566884,Low Risk
2,296.8,308.0,1311,58.6,19,11.199999999999989,8045.053299165814,0,0,0.0010449733850362792,Low Risk
0,300.3,311.0,1613,34.7,142,10.699999999999989,5861.27988577799,0,0,0.0002723135531507828,Low Risk
0,298.5,309.5,1579,38.6,126,11.0,6382.606242690191,0,0,0.00027908233385861366,Low Risk
0,302.6,310.5,1461,45.4,0,7.899999999999977,6945.99852523396,0,0,0.0017704165403137106,Low Risk
0,302.2,311.4,1397,53.0,17,9.199999999999989,7753.555388814729,0,0,0.0008372956957394603,Low Risk
0,299.7,309.4,1445,42.9,55,9.699999999999989,6491.629979745268,0,0,0.0002553980922600445,Low Risk
0,300.1,310.5,1394,44.3,121,10.399999999999975,6466.884701610493,0,0,0.00048206851166315753,Low Risk
0,300.6,310.6,1514,39.5,87,10.0,6262.555515421012,0,0,0.0002396262330380998,Low Risk
1,303.4,311.8,1515,42.6,204,8.400000000000034,6758.508275667722,0,0,0.017207799242621516,Low Risk
0,301.5,310.5,1556,39.1,48,9.0,6371.108013578053,0,0,0.00024537836652277224,Low Risk
0,298.2,308.1,1379,62.3,149,9.900000000000034,8996.652185913674,0,1,0.4768127299231897,Medium Risk
0,300.1,311.4,1438,42.2,139,11.299999999999956,6354.771731779386,0,0,0.0005318839722971976,Low Risk
0,299.6,309.2,1540,36.7,221,9.599999999999966,5918.551119852931,0,0,0.07371681968774502,Low Risk
0,300.2,310.3,1202,59.5,40,10.100000000000025,7489.452166402947,0,0,0.010547575053872753,Low Risk
0,301.1,311.1,1508,41.5,184,10.0,6553.571714898547,0,0,0.0002319957200423102,Low Risk
2,301.9,311.0,1291,63.6,137,9.100000000000025,8598.287765462977,0,0,0.08917243131243315,Low Risk
0,302.4,311.0,1462,48.5,81,8.600000000000023,7425.363676269716,0,0,0.0007139455139836646,Low Risk
0,302.6,312.2,1520,43.0,208,9.599999999999966,6844.483194620963,0,0,0.06579103896887661,Low Risk
0,298.8,308.6,1431,45.7,97,9.800000000000011,6848.326409633855,0,0,0.0005327261028487917,Low Risk
1,298.7,308.4,1441,43.2,132,9.699999999999989,6518.930419904966,0,0,0.0004754997011024377,Low Risk
0,298.6,309.9,1461,45.7,49,11.299999999999956,6991.897193902908,0,0,0.0005760858025866377,Low Risk
1,300.7,311.0,1378,41.2,93,10.300000000000011,5945.317489261516,0,0,0.0006422201214063522,Low Risk
0,302.1,311.0,1740,30.8,182,8.899999999999977,5612.141116372807,0,0,0.0005489293297641305,Low Risk
0,300.4,311.8,1636,32.3,7,11.400000000000034,5533.685075837157,0,0,0.001164741290314409,Low Risk
1,299.7,310.5,1490,41.2,126,10.800000000000011,6428.536327285675,0,0,0.00018021060009019562,Low Risk
0,298.7,309.6,1364,44.9,106,10.900000000000034,6413.4147946463945,0,0,0.0005817911346910311,Low Risk
0,298.3,308.3,1597,32.4,69,10.0,5418.493345205531,0,0,0.00027467989167748175,Low Risk
2,304.0,313.0,1701,30.4,171,9.0,5415.100425139654,0,0,0.0013398129605254492,Low Risk
2,299.4,309.0,1415,51.7,62,9.600000000000025,7660.826045656271,0,0,0.0009673802773542931,Low Risk
0,297.4,308.4,1525,38.7,62,11.0,6180.298147774522,0,0,0.000289735722011245,Low Risk
0,299.0,309.5,1861,23.3,73,10.5,4540.784717670103,0,0,0.0009947702572629205,Low Risk
0,303.8,312.7,1461,38.2,188,8.899999999999977,5844.430477179236,0,0,0.0003954069849973073,Low Risk
1,300.5,309.9,1552,41.3,116,9.399999999999975,6712.284975757902,0,0,0.0006618576131602133,Low Risk
2,297.6,309.6,1419,48.2,215,12.0,7162.391427213226,0,0,0.09703447166496819,Low Risk
0,298.0,308.4,1432,46.2,11,10.399999999999975,6928.091447108499,0,0,0.00048444078580346146,Low Risk
0,303.9,313.1,1639,29.0,95,9.200000000000044,4977.434680592549,0,0,0.0015963745373076615,Low Risk
0,298.0,308.6,1313,50.8,170,10.600000000000025,6984.849554383354,0,0,0.0006279727361832687,Low Risk
0,303.6,312.8,1701,30.8,12,9.199999999999989,5486.351746523072,0,0,0.00032053615546697535,Low Risk
0,300.5,310.6,1499,45.2,8,10.100000000000025,7095.266064181524,0,0,0.0005079262599426103,Low Risk
0,300.7,310.2,1387,50.6,83,9.5,7349.462797758985,0,0,0.00038909067360572884,Low Risk
2,298.5,308.7,1450,43.9,28,10.199999999999989,6665.936012141943,0,0,0.0006747536416288925,Low Risk
1,296.7,307.8,1258,69.0,105,11.100000000000025,9089.884183896707,1,1,0.985,High Risk
1,302.3,311.8,1879,23.0,124,9.5,4525.673657006336,0,0,0.000611196441083417,Low Risk
1,299.5,308.8,1886,20.9,117,9.300000000000011,4127.780475453677,0,0,0.0015396545252519547,Low Risk
1,298.5,309.3,1692,26.7,118,10.800000000000011,4730.861545187797,0,0,0.0011423737272777785,Low Risk
0,297.6,309.4,1326,49.8,199,11.799999999999956,6915.148085375708,0,0,0.010994634815671828,Low Risk
0,300.6,310.4,1494,47.3,118,9.799999999999956,7400.147159236901,0,0,0.0002847865673427449,Low Risk
2,299.8,310.9,1427,47.2,168,11.099999999999966,7053.336274231613,0,0,0.0016727792122432329,Low Risk
1,298.2,309.1,1651,28.8,186,10.900000000000034,4979.298692233679,0,0,0.003221458269387895,Low Risk
0,296.5,307.6,1607,33.5,104,11.100000000000025,5637.535656989324,0,0,0.0005512856693342603,Low Risk
0,299.1,308.2,1348,56.1,110,9.099999999999966,7919.201097463007,0,0,0.0024091724066836787,Low Risk
1,299.0,310.3,1657,31.0,70,11.300000000000011,5379.139661231564,0,0,0.0003045222872214466,Low Risk
1,298.8,309.9,1741,27.7,50,11.099999999999966,5050.183494474177,0,0,0.002268639051053983,Low Risk
0,297.6,308.3,1742,27.7,13,10.699999999999989,5053.084231690991,0,0,0.0011607399694465391,Low Risk
0,299.9,309.2,1560,38.9,180,9.300000000000011,6354.813619681433,0,0,0.0005567018844836064,Low Risk
0,299.1,310.4,1527,44.0,149,11.299999999999956,7035.9109069797,0,0,0.0002981705710059332,Low Risk
0,295.8,306.4,1339,53.2,67,10.599999999999966,7459.690811997941,0,0,0.001088430950367176,Low Risk
2,300.8,310.3,1777,30.1,38,9.5,5601.218845913826,0,0,0.0006831652855366474,Low Risk
0,297.3,308.3,1538,38.5,47,11.0,6200.770859900414,0,0,0.0002835154785003377,Low Risk
0,302.0,310.9,1546,34.4,7,8.899999999999977,5569.247904675793,0,0,0.00036470135314021774,Low Risk
0,297.2,308.3,1656,30.3,124,11.100000000000025,5254.5022086881445,0,0,0.0004339680531475159,Low Risk
0,301.4,310.4,1579,36.9,133,9.0,6101.507004022487,0,0,0.0002496066963324974,Low Risk
2,300.1,309.1,1560,35.4,14,9.0,5783.043756728091,0,0,0.000554066245023993,Low Risk
1,299.7,309.0,1465,49.0,158,9.300000000000011,7517.307621264777,0,0,0.00054163623386142,Low Risk
0,301.1,310.2,1496,43.4,54,9.099999999999966,6799.076708801078,0,0,0.00028380721859884753,Low Risk
0,297.4,308.4,1531,41.5,213,11.0,6653.526721160263,0,0,0.0275973529439909,Low Risk
0,303.8,313.0,1427,43.0,0,9.199999999999989,6425.708893897444,0,0,0.0004020002817342582,Low Risk
1,299.6,310.1,1646,29.6,73,10.5,5102.114021038016,0,0,0.0002537998893640502,Low Risk
0,297.4,308.5,1369,53.2,43,11.100000000000025,7626.823541168917,0,0,0.00876718243279333,Low Risk
0,299.6,310.6,1642,35.1,149,11.0,6035.439310517495,0,0,0.00024309277818730004,Low Risk
0,300.0,309.7,1586,37.8,103,9.699999999999989,6278.033095227698,0,0,0.00026344887805819386,Low Risk
0,297.6,309.1,1394,50.0,62,11.5,7298.966931840286,0,0,0.0005866901877194474,Low Risk
0,301.7,311.0,1441,44.3,208,9.300000000000011,6684.921703745137,1,0,0.08483319964979738,Low Risk
1,298.7,310.1,1506,50.7,53,11.400000000000034,7995.793126357527,0,0,0.0004145744053618508,Low Risk
0,298.5,308.2,1444,40.5,170,9.699999999999989,6124.220718907942,0,0,0.0003587059618758001,Low Risk
0,298.5,309.3,1630,33.3,116,10.800000000000011,5684.083588140013,0,0,0.0002964544469279113,Low Risk
0,296.5,307.6,1512,43.6,92,11.100000000000025,6903.461360704356,0,0,0.0004105522761674371,Low Risk
0,300.2,311.8,1379,51.0,46,11.600000000000025,7364.835657810552,0,0,0.015825527353050314,Low Risk
0,299.8,309.0,1567,36.1,95,9.199999999999989,5923.860411437498,0,0,0.0003362710890349185,Low Risk
0,297.9,307.8,1373,50.2,130,9.900000000000034,7217.767233720502,0,0,0.002988645650143296,Low Risk
0,297.6,309.2,1611,33.1,155,11.599999999999966,5584.08669397625,0,0,0.0003960700568442308,Low Risk
0,297.6,308.7,1319,50.9,141,11.099999999999966,7030.58067144411,0,0,0.0006200518540269849,Low Risk
0,299.8,309.8,1749,33.4,153,10.0,6117.372046923117,0,0,0.0008981157297880082,Low Risk
1,298.8,310.2,1583,35.7,116,11.399999999999975,5918.037993052845,0,0,0.0005460842528159715,Low Risk
0,301.6,310.8,1564,34.1,150,9.199999999999989,5584.955867943743,0,0,0.0002786514948207592,Low Risk
0,302.7,312.1,1763,26.5,184,9.400000000000034,4892.454599312945,0,0,0.0008623988369632339,Low Risk
1,302.3,311.8,1363,54.0,119,9.5,7707.5834163171985,1,0,0.008471486571579189,Low Risk
1,303.0,312.2,1257,71.3,122,9.199999999999989,9385.413804819898,1,1,0.95,High Risk
1,303.3,311.5,1569,36.6,47,8.199999999999989,6013.573825648511,0,0,0.00015351006518550135,Low Risk
1,301.5,311.0,1504,42.6,109,9.5,6709.43659841865,0,0,0.00021008685844883294,Low Risk
0,299.8,309.4,2256,15.9,201,9.599999999999966,3756.339504044244,0,0,0.022509209301284652,Low Risk
2,298.4,309.3,1984,19.2,132,10.900000000000034,3989.068687822175,0,0,0.0012548117259116808,Low Risk
1,299.7,311.0,1448,49.8,80,11.300000000000011,7551.383429580714,0,0,0.0007432171441514099,Low Risk
1,302.6,311.7,1430,51.7,32,9.099999999999966,7742.036215751568,0,0,0.0016747349377863774,Low Risk
0,297.9,307.8,1665,33.9,102,9.900000000000034,5910.749498096517,0,0,0.0004167016122650427,Low Risk
0,300.6,311.8,1652,27.2,52,11.199999999999989,4705.51936444884,0,0,0.001885355750227122,Low Risk
1,300.8,311.4,1852,22.2,53,10.599999999999966,4305.48989989174,0,0,0.0007406042318480534,Low Risk
1,298.1,308.1,1390,49.8,85,10.0,7248.910888893088,0,0,0.0005427869639485529,Low Risk
0,300.6,310.7,1397,53.7,80,10.099999999999966,7855.960837346244,0,0,0.0003848770890008619,Low Risk
1,300.0,309.3,1932,21.8,135,9.300000000000011,4410.544758227783,0,0,0.0014994834348917804,Low Risk
0,301.7,311.3,1584,38.8,132,9.600000000000025,6435.992373850193,0,0,0.00024329822293719656,Low Risk
0,301.4,310.8,1490,38.0,168,9.400000000000034,5929.2325348751365,0,0,0.00039897548678460295,Low Risk
0,297.3,308.7,1592,34.4,158,11.399999999999975,5734.956445177143,0,0,0.0003925588208891747,Low Risk
1,299.3,308.9,1577,34.9,160,9.599999999999966,5763.492578447251,0,0,0.00026666656803056175,Low Risk
2,297.7,307.4,1432,40.2,132,9.699999999999989,6028.339311120382,0,0,0.00098143032512631,Low Risk
0,303.5,313.0,1606,34.0,126,9.5,5718.117508553903,0,0,0.00023186637850962128,Low Risk
0,297.9,307.6,1977,20.2,182,9.700000000000044,4182.025308605661,0,0,0.0015930622094123814,Low Risk
0,300.6,310.5,1642,29.9,100,9.899999999999975,5141.300153403791,0,0,0.0002902726321893798,Low Risk
0,299.8,309.7,1624,34.2,96,9.899999999999975,5816.21897515,0,0,0.0002945647495004059,Low Risk
0,299.5,310.8,1447,41.0,93,11.300000000000011,6212.708911984055,0,0,0.000325074179067472,Low Risk
0,304.2,313.6,1411,46.0,149,9.400000000000034,6796.940425796637,0,0,0.0006146545645627584,Low Risk
1,299.2,308.4,1381,42.5,54,9.199999999999989,6146.26422736063,0,0,0.0006815416057289811,Low Risk
0,301.0,312.1,1675,30.7,200,11.100000000000025,5384.951607640704,0,0,0.013152036012645368,Low Risk
0,297.8,307.6,1607,30.3,62,9.800000000000011,5099.024788261986,0,0,0.00048626985521370574,Low Risk
2,298.6,309.8,1279,55.9,152,11.199999999999989,7487.054084010707,0,0,0.007324557240422318,Low Risk
1,301.0,310.9,1765,24.2,179,9.899999999999975,4472.894900426028,0,0,0.0011160447369125254,Low Risk
1,302.5,312.0,1436,43.5,184,9.5,6541.424223304667,0,0,0.0004375069512363007,Low Risk
0,301.0,312.1,1405,46.1,79,11.100000000000025,6782.750898977924,0,0,0.0011311368580806,Low Risk
0,301.6,310.8,1535,35.4,148,9.199999999999989,5690.366773447192,0,0,0.0002786514948207592,Low Risk
1,302.0,310.6,1539,37.4,96,8.600000000000023,6027.522497030449,0,0,0.00025955261688858175,Low Risk
0,297.0,307.9,1493,46.1,173,10.899999999999975,7207.57800154736,0,0,0.00035545029909371154,Low Risk
1,297.4,308.2,1401,51.9,117,10.800000000000011,7614.372362285188,0,0,0.0004780234334635703,Low Risk
1,300.8,311.9,1356,44.3,214,11.099999999999966,6290.599465842057,0,0,0.19469013954562228,Low Risk
1,301.4,310.4,1553,44.7,173,9.0,7269.551152627174,0,0,0.00022067794731504736,Low Risk
1,299.0,308.8,1418,45.7,204,9.800000000000011,6786.112403117266,0,0,0.02094217193824523,Low Risk
2,301.6,310.8,1435,47.2,152,9.199999999999989,7092.878453764796,0,0,0.0010113233540595765,Low Risk
0,301.5,310.5,1534,39.3,119,9.0,6313.156101094833,0,0,0.00024537836652277224,Low Risk
1,299.6,309.3,1577,39.8,48,9.699999999999989,6572.693542183398,0,0,0.0001929926053086993,Low Risk
1,300.7,309.5,1439,43.8,41,8.800000000000011,6600.297669632939,0,0,0.007732750683126265,Low Risk
1,297.7,309.2,1732,28.8,152,11.5,5223.588936976821,0,0,0.0013383662873013866,Low Risk
1,300.7,309.8,1490,38.8,173,9.100000000000025,6054.05848297777,0,0,0.0004354797920720119,Low Risk
0,297.5,309.4,1357,50.1,137,11.899999999999975,7119.4458556386535,0,0,0.0005957825452048604,Low Risk
0,297.4,308.6,1459,41.3,196,11.200000000000044,6310.066868318802,0,0,0.00036411016217692896,Low Risk
0,301.1,310.7,1376,49.1,0,9.599999999999966,7075.034207492406,0,0,0.0006901957740002038,Low Risk
1,301.4,310.5,1495,52.5,201,9.100000000000025,8219.191779954295,0,0,0.08521709076776876,Low Risk
0,300.6,310.4,1556,37.7,122,9.799999999999956,6142.986499025386,0,0,0.00022024301498909163,Low Risk
0,297.4,309.2,1428,38.8,26,11.800000000000011,5802.144640061916,0,0,0.0007717539275723397,Low Risk
0,296.2,307.3,1711,29.9,42,11.100000000000025,5357.347480191162,0,0,0.0010475292734735712,Low Risk
0,297.6,308.7,1622,37.9,79,11.099999999999966,6437.52128227494,0,0,0.0003727282343279578,Low Risk
0,298.9,310.1,2109,18.0,61,11.200000000000044,3975.3713438525247,0,0,0.004349663930851627,Low Risk
0,296.1,306.7,1409,42.8,134,10.599999999999966,6315.145776442106,0,0,0.0006106743538406589,Low Risk
0,301.7,311.0,1343,49.2,25,9.300000000000011,6919.420651384591,0,0,0.014959980232007975,Low Risk
0,302.2,310.8,1827,23.8,9,8.600000000000023,4553.487223966118,0,0,0.0003864890237247172,Low Risk
1,300.6,310.5,1462,41.3,68,9.899999999999975,6323.041645978129,0,0,0.0002158217754329933,Low Risk
0,295.6,306.3,1636,32.7,56,10.699999999999989,5602.213683587464,0,0,0.0004530091690241242,Low Risk
0,298.3,310.1,1523,45.9,99,11.800000000000011,7320.5077854684,0,0,0.0005009797069544418,Low Risk
0,297.5,308.5,1712,26.8,136,11.0,4804.709916498182,0,0,0.0010244706493104236,Low Risk
0,297.6,307.2,1486,40.6,42,9.599999999999966,6317.910377977266,0,0,0.0003684151774077219,Low Risk
0,298.4,309.2,1651,28.5,141,10.800000000000011,4927.430997522911,0,0,0.0015776833477283358,Low Risk
0,302.2,311.4,1499,37.7,55,9.199999999999989,5917.954217248749,0,0,0.00046843443724752307,Low Risk
1,297.3,308.7,1451,43.8,24,11.399999999999975,6655.338372923832,0,0,0.00039835619017303633,Low Risk
0,300.4,309.9,1681,28.6,206,9.5,5034.569778985835,0,0,0.023675946204994455,Low Risk
0,297.2,308.5,1518,44.3,163,11.300000000000011,7042.131260433809,0,0,0.00034233445755604434,Low Risk
1,303.7,312.0,2663,11.4,71,8.300000000000011,3179.103269873655,1,1,0.94,High Risk
0,301.4,310.8,1431,44.3,21,9.400000000000034,6638.530852227128,0,0,0.0004583411589774239,Low Risk
0,297.6,309.5,1569,36.2,63,11.899999999999975,5947.851707335412,0,0,0.00037050772103354923,Low Risk
0,301.0,310.5,1932,21.7,79,9.5,4390.312901538664,0,0,0.0008693805852408281,Low Risk
0,301.5,310.6,1578,34.1,120,9.100000000000025,5634.949079037869,0,0,0.0002849730209756301,Low Risk
0,297.2,308.3,1693,28.0,188,11.100000000000025,4964.135271692352,0,0,0.003413766294149341,Low Risk
0,297.7,309.0,1874,24.4,28,11.300000000000011,4788.373634699515,0,0,0.0050217580791117955,Low Risk
2,301.5,310.5,1587,33.8,57,9.0,5617.230496471621,0,0,0.0003246263861643435,Low Risk
0,297.7,308.7,1249,60.4,143,11.0,7900.016438325086,0,0,0.0014044127505760434,Low Risk
0,303.3,312.5,1968,20.6,130,9.199999999999989,4245.422648355103,0,0,0.0007984977913054174,Low Risk
2,297.6,309.6,1278,50.4,2,12.0,6745.125090963429,0,0,0.0014509235827025895,Low Risk
2,303.3,312.6,1692,29.0,125,9.300000000000011,5138.388944211465,0,0,0.0007762186531621533,Low Risk
0,299.2,308.4,1350,51.3,96,9.199999999999989,7252.366640812037,0,0,0.000789853322923837,Low Risk
0,302.8,312.5,1694,28.4,66,9.699999999999989,5038.025530904783,0,0,0.001038268037269251,Low Risk
0,300.8,311.6,1568,36.0,23,10.800000000000011,5911.2207369945545,0,0,0.00025314501077397023,Low Risk
0,298.3,309.0,1519,40.0,96,10.699999999999989,6362.772321070528,0,0,0.0002572167880494159,Low Risk
0,300.8,310.6,1577,37.9,227,9.800000000000011,6258.921739918361,1,0,0.04074414933867177,Low Risk
2,298.4,308.5,1827,24.3,153,10.100000000000025,4649.148720267927,0,0,0.0011749572741619769,Low Risk
0,304.2,313.5,1438,50.1,100,9.300000000000011,7544.409093889744,0,0,0.0008641696081934587,Low Risk
0,301.2,310.8,1479,38.2,139,9.600000000000025,5916.435780799515,0,0,0.00038943738926941777,Low Risk
1,303.4,312.9,1307,54.3,68,9.5,7431.971492817765,0,0,0.009857146472705443,Low Risk
0,297.9,307.6,1550,39.0,35,9.700000000000044,6330.309196983433,0,0,0.0002960145280783724,Low Risk
0,299.9,310.2,1288,69.6,62,10.300000000000011,9387.581503750876,1,1,1.0,High Risk
0,301.1,312.3,1587,34.5,115,11.199999999999989,5733.563672434051,0,0,0.00030478585609072193,Low Risk
1,299.2,309.1,1503,34.7,6,9.900000000000034,5461.564580486248,0,0,0.00024657674931018815,Low Risk
1,300.7,311.0,1418,49.3,106,10.300000000000011,7320.685809052104,0,0,0.00040591813753588124,Low Risk
1,301.0,310.7,1497,37.6,116,9.699999999999989,5894.381800371313,0,0,0.0003391299020497451,Low Risk
1,299.2,310.6,1443,50.9,85,11.400000000000034,7691.529877857355,0,0,0.0003067505704701479,Low Risk
0,301.6,310.9,1643,34.1,44,9.299999999999956,5867.060416260594,0,0,0.0002945664257818739,Low Risk
0,300.2,309.5,2183,17.8,39,9.300000000000011,4069.137412586668,0,0,0.0015567044811148898,Low Risk
2,298.6,309.4,1362,45.3,56,10.799999999999956,6461.062283225839,0,0,0.0005682297887714562,Low Risk
0,300.6,311.9,1425,44.9,224,11.299999999999956,6700.23173194363,0,0,0.09635212794869079,Low Risk
0,298.6,309.4,1525,37.8,54,10.799999999999956,6036.570283872788,0,0,0.0002655597420842426,Low Risk
0,300.9,310.0,1671,26.8,199,9.100000000000025,4689.6438495727,0,0,0.00567920372700443,Low Risk
0,298.2,307.8,1429,46.9,117,9.600000000000025,7018.32846009511,0,0,0.0005835807989746655,Low Risk
2,300.6,310.4,1479,35.6,150,9.799999999999956,5513.746434462375,0,0,0.00040665835876456895,Low Risk
2,301.1,311.6,1417,53.4,0,10.5,7923.913486443392,0,0,0.0008096624875573508,Low Risk
0,297.6,308.6,1529,45.3,15,11.0,7253.277702681578,0,0,0.0003266742521517989,Low Risk
0,297.7,308.5,1453,45.5,86,10.800000000000011,6923.180090593387,0,0,0.00033225803346809563,Low Risk
0,302.4,310.2,1578,31.2,139,7.800000000000011,5155.7305356592815,0,0,0.0003615180207735375,Low Risk
0,302.1,311.2,1519,39.3,155,9.099999999999966,6251.423805451793,0,0,0.0003485035675860738,Low Risk
0,300.6,310.0,1505,35.9,95,9.399999999999975,5657.956009237657,0,0,0.0002845321020802754,Low Risk
1,297.8,309.4,1495,36.5,132,11.599999999999966,5714.295237492034,0,0,0.00039472939075603167,Low Risk
0,301.2,309.9,1687,29.7,30,8.699999999999989,5246.86813853992,0,0,0.0057019122781560684,Low Risk
1,297.7,307.2,1372,52.8,33,9.5,7586.066612476346,0,0,0.0006314950544998323,Low Risk
2,298.0,309.2,1520,37.9,89,11.199999999999989,6032.69565293336,0,0,0.0005969839352938108,Low Risk
0,298.5,310.1,1809,28.9,20,11.600000000000025,5474.759269631325,0,0,0.0012789718784352736,Low Risk
0,302.8,312.4,1590,34.4,64,9.599999999999966,5727.75172602491,0,0,0.00023353304517628796,Low Risk
0,298.3,308.6,1570,34.8,175,10.300000000000011,5721.468540717731,0,0,0.0002909680104755966,Low Risk
0,302.0,310.7,1348,58.1,83,8.699999999999989,8201.52555726561,0,0,0.07994882997040509,Low Risk
0,301.3,310.1,1269,56.8,195,8.800000000000011,7548.11617322098,1,0,0.2268848294339852,Low Risk
0,297.3,308.5,1350,57.6,186,11.199999999999989,8143.008158104744,0,0,0.06664109578343211,Low Risk
1,300.8,309.7,1258,54.9,168,8.899999999999977,7232.3861115352065,0,0,0.002808399129911598,Low Risk
1,298.8,309.9,1495,35.2,60,11.099999999999966,5510.772393416976,0,0,0.0019370267288495325,Low Risk
0,298.1,309.0,1557,36.0,56,10.899999999999975,5869.751713967169,0,0,0.00027304751667917986,Low Risk
0,302.3,311.2,1297,62.5,109,8.899999999999977,8488.845149387422,0,0,0.08791641433250724,Low Risk
0,297.1,307.8,1636,30.3,90,10.699999999999989,5191.042037085631,0,0,0.0005002926071716317,Low Risk
0,303.7,312.1,1363,51.8,90,8.400000000000034,7393.570758615386,1,1,0.7975695970695971,High Risk
0,298.5,309.0,1458,44.8,217,10.5,6840.126852807984,0,0,0.036600509034402824,Low Risk
1,301.7,310.6,1691,27.7,105,8.900000000000034,4905.146633633448,0,0,0.0014732126616496188,Low Risk
0,298.4,308.1,1375,50.8,94,9.700000000000044,7314.674895108234,0,0,0.0033435142243092245,Low Risk
0,301.6,310.8,1392,42.4,3,9.199999999999989,6180.643722966415,0,0,0.000526383564407583,Low Risk
1,299.7,310.6,1572,38.0,139,10.900000000000034,6255.539291827996,0,0,0.0001891692715465834,Low Risk
0,298.8,308.9,1398,51.5,0,10.099999999999966,7539.508209350145,0,0,0.0005545635050641078,Low Risk
0,301.3,310.6,1510,38.5,47,9.300000000000011,6087.88296388142,0,0,0.00027317158300583334,Low Risk
0,301.9,310.4,1286,62.8,22,8.5,8457.251199267817,1,1,0.9350348932676519,High Risk
1,297.8,307.4,1488,36.1,57,9.599999999999966,5625.21014181174,0,0,0.0005883312294275837,Low Risk
1,298.7,309.2,1423,48.9,187,10.5,7286.892744074989,0,0,0.0005376361531620087,Low Risk
0,300.2,311.4,1452,47.8,34,11.199999999999989,7268.137435933058,0,0,0.000444307423780477,Low Risk
1,303.7,312.8,1634,33.8,63,9.100000000000025,5783.588299454713,0,0,0.00022025596529166237,Low Risk
0,299.4,308.7,1446,62.9,134,9.300000000000011,9524.617775300463,1,1,0.965,High Risk
1,296.2,307.2,1385,44.0,5,11.0,6381.621876992067,0,0,0.0020612915401196585,Low Risk
0,298.0,307.8,1622,33.3,121,9.800000000000011,5656.186245376135,0,0,0.0004530091690241242,Low Risk
1,298.3,310.1,1389,49.6,75,11.800000000000011,7214.604697115888,0,0,0.0006646888768433128,Low Risk
2,297.3,308.2,1653,31.4,9,10.899999999999975,5435.395113681844,0,0,0.0005776507422709631,Low Risk
1,297.7,308.1,2189,15.6,186,10.400000000000034,3576.012085728189,0,0,0.0016163405524635202,Low Risk
0,300.7,310.1,1376,50.8,75,9.400000000000034,7319.994658668313,0,0,0.0006074414210352927,Low Risk
0,297.9,309.5,1390,47.9,127,11.600000000000025,6972.346015622067,0,0,0.0005866901877194474,Low Risk
0,300.1,309.5,1557,40.6,59,9.399999999999975,6619.775544085197,0,0,0.0002722342608176846,Low Risk
0,301.5,311.1,1731,27.9,101,9.600000000000025,5057.430101528456,0,0,0.0013195849784033628,Low Risk
0,299.4,309.1,1957,22.1,55,9.700000000000044,4529.09799299875,0,0,0.001136679196575626,Low Risk
0,298.4,308.6,1491,42.0,120,10.200000000000044,6557.760505103333,0,0,0.0002645289336415978,Low Risk
1,298.1,307.8,1608,32.6,57,9.699999999999989,5489.493339176662,0,0,0.0004632410212211839,Low Risk
1,301.3,311.5,1648,32.4,0,10.199999999999989,5591.532268565256,0,0,0.0002446533507342231,Low Risk
2,299.7,309.2,1691,27.7,203,9.5,4905.146633633448,0,0,0.02413610351152254,Low Risk
1,297.1,308.4,1432,53.4,199,11.299999999999956,8007.794010294238,0,0,0.03772650429148927,Low Risk
0,296.8,307.9,1706,30.8,111,11.099999999999966,5502.478588811498,0,0,0.000727886287020644,Low Risk
2,297.4,308.9,1645,30.8,196,11.5,5305.731112892682,0,0,0.0019365053077206467,Low Risk
1,296.1,307.1,1485,36.0,169,11.0,5598.318108697012,0,0,0.0005364127238822344,Low Risk
1,304.3,313.4,1624,32.1,53,9.099999999999966,5459.082722289912,0,0,0.00022378534379227321,Low Risk
0,300.3,311.9,1609,34.0,177,11.599999999999966,5728.798923576106,0,0,0.0009311062285819,Low Risk
1,297.1,308.0,1690,25.6,159,10.899999999999975,4530.5954854969605,0,0,0.0013768766093646965,Low Risk
1,300.1,308.9,1548,38.4,31,8.799999999999955,6224.87734752896,0,0,0.0003008580467906563,Low Risk
2,298.9,308.4,1449,42.4,149,9.5,6433.73042713961,0,0,0.0004200908868181778,Low Risk
0,298.8,310.2,1504,41.0,51,11.399999999999975,6457.438979698701,0,0,0.0004954782649837294,Low Risk
0,300.5,309.8,1445,43.9,164,9.300000000000011,6642.950025893177,0,0,0.0010051531585670475,Low Risk
0,297.2,308.8,1451,43.1,68,11.600000000000025,6548.974517648795,0,0,0.00036686657259554583,Low Risk
2,301.1,311.1,1618,29.5,160,10.0,4998.378631616481,0,0,0.0012569324805593175,Low Risk
0,299.2,310.2,1697,30.6,12,11.0,5437.908387804718,0,0,0.0003393818879820224,Low Risk
0,299.0,310.3,1501,43.0,91,11.300000000000011,6758.927154688202,0,0,0.000300687550084709,Low Risk
2,299.0,310.4,1677,30.8,73,11.399999999999975,5408.942903538619,0,0,0.0005977655389952057,Low Risk
1,296.3,307.4,1958,19.1,67,11.099999999999966,3916.288458014013,0,0,0.002118601667858587,Low Risk
1,302.5,312.0,1447,45.7,210,9.5,6924.897494577349,0,0,0.06941528754012853,Low Risk
1,300.2,310.3,1478,38.1,45,10.100000000000025,5896.957906347257,0,0,0.0003571204147182652,Low Risk
1,298.1,307.7,1424,47.7,103,9.599999999999966,7113.068422551867,0,0,0.0006423915443768349,Low Risk
0,302.7,312.0,1501,37.0,77,9.300000000000011,5815.821040080546,0,0,0.0002474256438707682,Low Risk
2,301.2,310.9,1598,35.9,71,9.699999999999989,6007.583855655665,0,0,0.00030429756011636565,Low Risk
2,296.6,307.4,1333,50.2,177,10.799999999999956,7007.489965440226,0,0,0.0007815380722651055,Low Risk
1,298.4,309.2,1597,33.5,116,10.800000000000011,5602.454539024237,0,0,0.00030243355992474764,Low Risk
0,300.5,311.6,1444,49.3,92,11.100000000000025,7454.915591164482,0,0,0.0006909716534590731,Low Risk
0,299.1,308.3,1489,38.1,32,9.199999999999989,5940.845955717906,0,0,0.0004848492986927372,Low Risk
2,297.5,308.9,1419,50.7,7,11.399999999999975,7533.8847585002195,0,0,0.0024786617114492307,Low Risk
1,298.5,309.4,1365,48.7,56,10.899999999999975,6961.298081456944,0,0,0.0004445224880169289,Low Risk
0,302.3,311.0,1412,47.0,164,8.699999999999989,6949.621828761102,0,0,0.00060415120334348,Low Risk
1,299.9,309.9,1639,42.1,159,10.0,7225.862070791252,0,0,0.0003177448254590781,Low Risk
0,300.6,312.2,1308,54.7,52,11.599999999999966,7492.44715139937,0,0,0.0030589395430714954,Low Risk
0,295.7,306.5,1737,26.2,97,10.800000000000011,4765.733223642644,0,0,0.0010393620146585,Low Risk
2,298.3,310.1,1509,37.6,85,11.800000000000011,5941.631353881304,0,0,0.0014967344267477656,Low Risk
0,297.1,308.5,1425,40.0,35,11.399999999999975,5969.026041820606,0,0,0.0007681799461570428,Low Risk
0,295.6,306.2,1612,31.2,131,10.599999999999966,5266.817251890216,0,0,0.0004660134440932252,Low Risk
0,298.9,309.9,1373,52.1,108,11.0,7490.949658901159,0,0,0.0022694077015071577,Low Risk
1,302.2,311.3,1510,36.6,91,9.100000000000025,5787.441986443117,0,0,0.0003269123619781264,Low Risk
0,298.4,308.0,1571,37.4,50,9.600000000000025,6152.8510999576565,0,0,0.0008735950526168141,Low Risk
1,299.6,310.1,1455,46.1,76,10.5,7024.129934528739,0,0,0.0002822121553415245,Low Risk
2,298.6,308.2,1555,36.8,36,9.599999999999966,5992.48326696741,0,0,0.0005531938753370209,Low Risk
0,302.3,311.0,1329,51.5,154,8.699999999999989,7167.386559532434,0,0,0.03892011427122885,Low Risk
0,295.9,306.6,1557,41.1,113,10.700000000000044,6701.299873445852,0,0,0.0003042366909345477,Low Risk
1,300.7,310.6,1572,38.5,50,9.900000000000034,6337.849019352048,0,0,0.0001920194842195584,Low Risk
0,297.3,308.3,1590,35.5,59,11.0,5910.906577729195,0,0,0.00029276546072972174,Low Risk
1,299.6,310.1,1357,48.7,96,10.5,6920.499264862324,0,0,0.0004861457170629392,Low Risk
0,300.7,310.5,1357,52.6,199,9.800000000000011,7474.707624882099,0,0,0.043863880533671296,Low Risk
2,300.4,310.7,1656,36.3,127,10.300000000000011,6294.997695557083,0,0,0.0004902645750221923,Low Risk
0,297.0,308.1,1489,44.1,96,11.100000000000025,6876.412247956947,0,0,0.0003745813747340531,Low Risk
0,297.4,308.1,1474,39.4,20,10.700000000000044,6081.662610427314,0,0,0.0002922497650750408,Low Risk
1,297.9,307.9,1336,54.4,82,10.0,7610.864250488682,0,0,0.0005292586168265852,Low Risk
0,297.5,308.5,1546,40.4,129,11.0,6540.628353165756,0,0,0.0002661241741525116,Low Risk
0,300.7,309.5,1251,59.9,120,8.800000000000011,7847.164377916192,0,0,0.016696386193032237,Low Risk
0,297.3,308.6,1505,33.5,14,11.300000000000011,5279.708253745446,0,0,0.00038703375558726084,Low Risk
2,301.0,311.0,1640,37.6,118,10.0,6457.438979698701,0,0,0.0003000692303066405,Low Risk
0,299.7,311.0,1827,25.4,194,11.300000000000011,4859.6040121319065,0,0,0.002759053997195125,Low Risk
0,303.5,312.3,1681,29.8,25,8.800000000000011,5245.810469013212,0,0,0.00034063665797953816,Low Risk
2,299.1,310.1,1429,42.9,96,11.0,6419.750339831135,0,0,0.0009229021585340344,Low Risk
1,302.1,310.6,1326,59.1,88,8.5,8206.53116156033,1,1,0.9229338551806241,High Risk
2,302.9,311.0,1469,48.7,130,8.100000000000023,7491.682697186997,0,0,0.005765557933982593,Low Risk
0,302.6,311.9,1354,48.0,67,9.299999999999956,6805.946324736928,0,0,0.004902144802651264,Low Risk
0,301.7,310.2,1686,28.9,59,8.5,5102.51195610747,0,0,0.000640886493129481,Low Risk
0,297.4,308.4,2151,17.7,0,11.0,3986.9638207442704,0,0,0.006946549617631589,Low Risk
0,298.0,308.5,1395,46.2,122,10.5,6749.083497706953,0,0,0.0010313755221822653,Low Risk
2,302.2,311.3,1749,29.2,5,9.100000000000025,5348.12166976512,0,0,0.0005987403570603864,Low Risk
0,297.4,308.3,1475,40.5,222,10.900000000000034,6255.696371460675,1,0,0.04060962263919679,Low Risk
0,297.9,309.9,1542,33.8,33,12.0,5457.951748934619,0,0,0.0007289735694067962,Low Risk
1,299.2,308.8,1523,38.9,112,9.600000000000025,6204.090476137707,0,0,0.00025988025530757715,Low Risk
0,303.7,313.0,1456,45.5,51,9.300000000000011,6937.474337167221,0,0,0.00024285772108516691,Low Risk
0,298.2,309.0,1596,37.2,87,10.800000000000011,6217.337525160345,0,0,0.0002552248743482338,Low Risk
1,298.2,309.4,1408,46.5,76,11.199999999999989,6856.211807194363,0,0,0.0006894614857234512,Low Risk
0,298.6,310.1,1721,27.2,5,11.5,4902.057400857418,0,0,0.001832155577313706,Low Risk
0,303.9,312.7,1339,62.3,156,8.800000000000011,8735.690556155483,0,0,0.11510089894471733,Low Risk
1,296.8,307.5,1470,45.9,132,10.699999999999989,7065.756037188803,0,0,0.00036191927335934416,Low Risk
0,301.1,310.2,1657,34.1,52,9.099999999999966,5917.05362735472,0,0,0.0002849730209756301,Low Risk
0,300.0,311.1,1425,47.8,179,11.100000000000025,7132.986119975623,0,0,0.0006303613912502805,Low Risk
1,300.9,310.8,1402,48.1,22,9.900000000000034,7061.902350200401,0,0,0.0004319819027957671,Low Risk
2,302.9,312.3,1417,48.7,26,9.400000000000034,7226.49038932197,0,0,0.0009203797160898847,Low Risk
0,300.9,310.8,1490,38.1,125,9.900000000000034,5944.835778387966,0,0,0.0003745125093658359,Low Risk
0,302.2,311.1,1470,39.6,97,8.900000000000034,6095.946385025634,0,0,0.0003372988034042219,Low Risk
1,296.8,307.9,1843,25.2,116,11.099999999999966,4863.56241887543,0,0,0.001485292218740806,Low Risk
0,300.2,311.6,1529,35.5,21,11.400000000000034,5684.135948017572,0,0,0.0003523568140296851,Low Risk
0,302.4,310.1,1906,21.2,110,7.700000000000045,4231.432089071117,0,0,0.0004820162509684878,Low Risk
1,302.4,310.1,1577,35.8,136,7.700000000000045,5912.121326888584,0,0,0.0003615180207735375,Low Risk
0,304.1,313.3,1732,28.5,132,9.199999999999989,5169.176552216646,0,0,0.000713788251691382,Low Risk
0,302.6,311.0,2001,20.7,137,8.399999999999977,4337.565560884891,0,0,0.005310381885115768,Low Risk
0,303.6,312.9,1480,41.4,135,9.299999999999956,6416.388835691793,0,0,0.0002120593192276356,Low Risk
2,300.6,311.9,1604,30.5,45,11.299999999999956,5123.099859963995,0,0,0.0015200959681978834,Low Risk
0,298.6,310.0,1517,41.2,64,11.399999999999975,6545.026582880784,0,0,0.00041457330463993026,Low Risk
1,301.9,310.7,1472,47.0,73,8.800000000000011,7244.931538198541,0,0,0.0003514002773872637,Low Risk
0,298.9,308.9,1450,47.5,9,10.0,7212.573133866567,0,0,0.00032946761511341106,Low Risk
1,302.6,311.0,1542,39.7,141,8.399999999999977,6410.671137062261,0,0,0.00011435822628726352,Low Risk
0,299.2,310.4,1570,37.3,37,11.199999999999989,6132.493579562396,0,0,0.00029354682179112104,Low Risk
1,296.8,307.8,1694,33.0,115,11.0,5854.043750699221,0,0,0.00046424814188586683,Low Risk
1,296.9,308.0,1409,50.7,43,11.100000000000025,7480.791842654551,0,0,0.0006944865318402035,Low Risk
1,304.0,313.0,1685,28.2,66,9.0,4975.9686040208735,0,0,0.0011568403696395097,Low Risk
0,298.1,308.1,1410,45.8,71,10.0,6762.592346117389,0,0,0.0006408970216342549,Low Risk
0,297.2,308.1,1689,31.2,145,10.900000000000034,5518.395991589687,0,0,0.0017383892065289909,Low Risk
2,302.5,312.0,1357,42.0,179,9.5,5968.397723289889,0,0,0.031234384732765075,Low Risk
0,298.8,308.7,1450,43.4,66,9.899999999999975,6590.01418968019,0,0,0.0003746155778322853,Low Risk
2,302.5,311.5,1655,32.3,142,9.0,5597.951589554092,0,0,0.000294521384833121,Low Risk
0,298.8,310.0,1528,36.7,147,11.199999999999989,5872.432539698233,0,0,0.0005285990766194531,Low Risk
1,300.1,309.2,1687,27.7,95,9.099999999999966,4893.543684766189,0,0,0.0016269310193800207,Low Risk
0,303.0,312.5,1461,40.2,127,9.5,6150.421601638882,0,0,0.0002062998428133088,Low Risk
1,298.4,308.5,1576,27.4,55,10.100000000000025,4522.050353479196,0,0,0.0032359866620274946,Low Risk
1,303.5,312.9,1438,42.8,106,9.399999999999975,6445.123936496628,0,0,0.0003955624560500222,Low Risk
0,302.5,312.0,1456,46.3,208,9.5,7059.4519079306,0,0,0.0901781097339906,Low Risk
0,301.8,310.7,1461,44.2,49,8.899999999999977,6762.403850558174,0,0,0.0003564919920992914,Low Risk
0,303.5,312.9,1332,52.9,66,9.399999999999975,7378.847161045562,0,0,0.010615629675611176,Low Risk
0,301.0,310.9,1492,44.6,15,9.899999999999975,6968.387608878545,0,0,0.0002283917842951882,Low Risk
0,299.8,311.1,1466,46.1,58,11.300000000000011,7077.233322349918,0,0,0.0003404042797081448,Low Risk
1,300.2,310.1,1619,31.3,38,9.900000000000034,5306.642174762224,0,0,0.00026467384836676214,Low Risk
0,301.4,311.3,2323,15.9,50,9.900000000000034,3867.8974591732176,0,0,0.0008340276180427053,Low Risk
2,300.8,310.8,1466,45.2,188,10.0,6939.066077445039,0,0,0.0005681317228910637,Low Risk
0,303.7,312.8,1832,23.6,35,9.100000000000025,4527.579556549514,0,0,0.0007329808379644053,Low Risk
1,300.7,310.6,1474,37.0,33,9.900000000000034,5711.206004716006,0,0,0.00030909489616750337,Low Risk
0,304.2,313.3,1464,45.9,48,9.100000000000025,7036.916216628849,0,0,0.0002653894773706096,Low Risk
0,298.0,308.3,1544,34.7,213,10.300000000000011,5610.5493760949885,0,0,0.029908928953959496,Low Risk
1,297.3,308.3,1697,27.4,121,11.0,4869.238229602916,0,0,0.0029233293298528053,Low Risk
2,298.0,307.9,1482,37.8,132,9.899999999999975,5866.358793901293,0,0,0.0006153460554655404,Low Risk
0,301.1,310.2,1455,55.3,9,9.099999999999966,8425.908576560503,0,0,0.0006978708624439076,Low Risk
0,300.4,309.7,1534,42.5,127,9.300000000000011,6827.204435026219,0,0,0.0005875943400114043,Low Risk
0,301.2,311.2,1558,34.1,204,10.0,5563.530206046261,0,0,0.01450062928186417,Low Risk
2,301.9,309.8,1724,27.5,126,7.900000000000034,4964.7635902230695,0,0,0.0007189064851053976,Low Risk
0,300.9,312.0,1533,44.0,162,11.100000000000025,7063.5569223312905,0,0,0.00032898420418431637,Low Risk
2,300.7,310.2,1877,24.8,64,9.5,4874.662712918114,0,0,0.0011191924036806629,Low Risk
0,298.0,308.6,1532,42.6,54,10.600000000000025,6834.346322325379,0,0,0.0002568028268456691,Low Risk
0,302.2,311.4,1390,48.1,40,9.199999999999989,7001.4581075453325,0,0,0.002819311588921422,Low Risk
2,297.4,308.7,1726,26.8,158,11.300000000000011,4844.000768619078,0,0,0.001947061046727659,Low Risk
1,300.0,311.4,1692,29.0,216,11.399999999999975,5138.388944211465,1,0,0.06381291583463448,Low Risk
2,296.9,308.0,1416,46.9,105,11.100000000000025,6954.480825398654,0,0,0.0017283541733504673,Low Risk
0,301.7,310.1,2695,12.6,10,8.400000000000034,3555.968724598287,0,1,0.4253420135691319,Medium Risk
0,301.5,310.4,1425,54.4,7,8.899999999999977,8117.875416876024,0,0,0.0004692977182378978,Low Risk
0,302.8,312.1,1958,20.3,56,9.300000000000011,4162.337994643165,0,0,0.0007984977913054174,Low Risk
1,299.9,309.4,1487,42.2,198,9.5,6571.31124141582,0,0,0.0014854743051918755,Low Risk
2,300.7,310.2,1364,65.3,208,9.5,9327.304812703998,1,1,0.96,High Risk
1,298.9,310.0,1348,58.2,163,11.100000000000025,8215.64178025574,0,0,0.005427437211801816,Low Risk
1,299.1,308.8,1725,26.6,172,9.699999999999989,4805.065963665588,0,0,0.0013298529200395596,Low Risk
2,304.1,313.2,1590,43.4,52,9.099999999999966,7226.291421787241,0,0,0.000298780557733649,Low Risk
0,301.7,311.1,1469,37.2,128,9.400000000000034,5722.599514073024,0,0,0.00030076625941046755,Low Risk
0,301.5,310.7,1686,27.9,135,9.199999999999989,4925.954448975724,0,0,0.001577874586229534,Low Risk
0,300.4,309.3,1413,50.3,101,8.900000000000034,7442.841403399186,0,0,0.005952470185287331,Low Risk
2,297.3,308.8,1419,42.4,139,11.5,6300.526898627401,0,0,0.0011036007276781195,Low Risk
2,298.0,307.8,1314,47.8,19,9.800000000000011,6577.364043261735,0,0,0.0013287036828548604,Low Risk
0,302.4,311.0,1475,47.9,79,8.600000000000023,7398.712498591762,0,0,0.0007139455139836646,Low Risk
2,304.2,313.5,1627,32.2,91,9.300000000000011,5486.205138865905,0,0,0.00027955316134133746,Low Risk
1,300.7,310.6,1439,41.7,184,9.900000000000034,6283.84504163684,0,0,0.00217743404290939,Low Risk
0,304.0,312.9,1313,53.9,202,8.899999999999977,7411.090373646905,0,0,0.2287292864987756,Low Risk
1,301.9,310.9,1641,33.2,3,9.0,5705.257922625208,0,0,0.00037642043789469536,Low Risk
0,297.8,308.8,1548,36.9,64,11.0,5981.71807614111,0,0,0.0002888581453869136,Low Risk
0,299.9,309.2,1761,25.6,115,9.300000000000011,4720.934112402454,0,0,0.0013474314356816466,Low Risk
1,303.7,313.0,1303,54.4,2,9.300000000000011,7422.871346097867,0,0,0.01127401625648062,Low Risk
0,297.8,307.2,1880,23.0,176,9.399999999999975,4528.082211374089,0,0,0.002118006351964588,Low Risk
0,298.2,308.4,1452,43.5,158,10.199999999999989,6614.309172867951,0,0,0.00032119673051989083,Low Risk
1,301.7,310.8,1524,41.3,147,9.100000000000025,6591.1870509375285,0,0,0.0003076771000923007,Low Risk
0,302.6,311.7,1542,34.1,137,9.099999999999966,5506.395107652975,0,0,0.0002527257425226569,Low Risk
1,297.0,308.1,1355,51.4,76,11.100000000000025,7293.416784818944,0,0,0.0007987934035085593,Low Risk
0,301.4,310.9,1536,38.3,9,9.5,6160.53752998344,0,0,0.0002398336131442598,Low Risk
1,300.7,311.8,1407,42.4,224,11.100000000000025,6247.245487222519,0,0,0.07815956298989468,Low Risk
0,301.4,310.7,1786,26.1,123,9.300000000000011,4881.469497000893,0,0,0.0008575701816308655,Low Risk
0,298.5,308.8,1670,29.6,13,10.300000000000011,5176.506935075022,0,0,0.0004744754523721443,Low Risk
0,299.8,309.2,1591,37.5,109,9.399999999999975,6247.842389826701,0,0,0.00027646259062740977,Low Risk
0,299.0,308.6,1329,60.5,120,9.600000000000025,8419.939550518684,0,0,0.0030185524207439252,Low Risk
1,302.5,311.5,1358,52.7,139,9.0,7494.436826746643,0,0,0.012032157917183936,Low Risk
0,298.9,310.2,1623,37.2,177,11.300000000000011,6322.51804720253,0,0,0.0002850113900329211,Low Risk
0,299.2,310.6,1498,41.1,88,11.400000000000034,6447.364939256189,0,0,0.00030385960721370756,Low Risk
0,297.9,309.1,1442,50.3,24,11.200000000000044,7595.596110192234,0,0,0.001577253939898428,Low Risk
1,300.3,311.5,1540,41.5,151,11.199999999999989,6692.6395496974565,0,0,0.00027356800743208774,Low Risk
0,302.4,310.1,1645,31.6,93,7.700000000000045,5443.542310630154,0,0,0.005361518020773538,Low Risk
0,300.7,311.0,1336,53.3,68,10.300000000000011,7456.968098364829,0,0,0.0010360190430007091,Low Risk
0,301.2,309.9,1449,45.5,23,8.699999999999989,6904.121095161609,0,0,0.0007058835559711954,Low Risk
1,300.7,311.9,1697,28.2,191,11.199999999999989,5011.405769153367,0,0,0.0036933487333498894,Low Risk
1,299.6,310.9,1530,38.8,198,11.299999999999956,6216.583542923482,0,0,0.006490105765450524,Low Risk
1,296.3,307.2,1286,51.1,177,10.899999999999975,6881.6168197863935,0,0,0.005565893549726426,Low Risk
1,297.1,308.2,1529,37.9,183,11.099999999999966,6068.415561404676,0,0,0.0004020359945266202,Low Risk
1,297.4,309.0,1685,30.7,177,11.600000000000025,5417.10057246244,0,0,0.0005788267599298599,Low Risk
2,297.2,308.3,1453,45.8,105,11.100000000000025,6968.827431850046,0,0,0.0013543357188952163,Low Risk
0,300.4,311.1,2013,20.1,195,10.700000000000044,4237.097427823091,0,0,0.0012270910943748838,Low Risk
0,297.5,309.4,1517,36.7,233,11.899999999999975,5830.157174556427,0,0,0.05649033986105303,Low Risk
1,301.2,310.9,1359,50.8,118,9.699999999999989,7229.558678146975,0,0,0.0004981651743486938,Low Risk
1,300.4,310.6,1545,35.6,16,10.200000000000044,5759.795971091528,0,0,0.00046129580218223895,Low Risk
0,300.7,310.1,1261,56.6,98,9.400000000000034,7474.121194253429,0,0,0.001616135812312114,Low Risk
0,299.8,309.6,1526,41.7,85,9.800000000000011,6663.757841235455,0,0,0.0002299831175300921,Low Risk
0,299.6,310.2,1469,47.0,15,10.599999999999966,7230.166052726669,0,0,0.0002881386294710473,Low Risk
0,301.0,310.5,1378,44.4,83,9.5,6407.089721437167,0,0,0.0005253086899204482,Low Risk
0,303.9,313.2,1540,44.4,119,9.300000000000011,7160.317976061856,0,0,0.00019946096762013852,Low Risk
1,302.1,310.8,1409,41.3,39,8.699999999999989,6093.820573996705,0,0,0.0006898950570207526,Low Risk
0,298.0,308.6,1430,57.0,43,10.600000000000025,8535.707239803469,0,0,0.012467225989452626,Low Risk
0,301.2,311.4,1757,28.0,6,10.199999999999989,5151.793072866783,0,0,0.0007257345175779975,Low Risk
0,302.8,312.2,1682,30.9,58,9.399999999999975,5442.683608638173,0,0,0.00029118309990354505,Low Risk
0,302.7,310.5,1725,29.0,209,7.800000000000011,5238.60574986098,0,0,0.060113727346826094,Low Risk
1,297.8,307.5,1405,46.9,113,9.699999999999989,6900.455903732422,0,0,0.0005394087453541879,Low Risk
0,300.6,309.8,1629,37.6,162,9.199999999999989,6414.126888981208,0,0,0.0007742437609463058,Low Risk
0,297.6,309.3,1543,34.3,8,11.699999999999989,5542.282567732481,0,0,0.00039126969066884414,Low Risk
0,302.5,311.1,1538,36.8,208,8.600000000000023,5926.970588164551,0,0,0.13644388411912586,Low Risk
0,295.8,306.5,1568,35.1,111,10.699999999999989,5763.440218569691,0,0,0.00030765682607779824,Low Risk
1,298.9,310.1,1469,53.2,189,11.200000000000044,8183.9326384055075,0,0,0.02906548779341938,Low Risk
0,302.6,310.5,1450,43.2,68,7.899999999999977,6559.6454606954885,0,0,0.0002762533869915578,Low Risk
0,302.5,312.0,1574,42.0,188,9.5,6922.813571450468,0,0,0.00022541569558225715,Low Risk
0,299.4,309.2,1552,37.4,37,9.800000000000011,6078.4372419696265,0,0,0.00023621512465601683,Low Risk
2,296.9,307.7,1656,30.8,181,10.800000000000011,5341.210165927222,0,0,0.0005213650663378226,Low Risk
2,302.0,309.9,1606,34.5,156,7.899999999999977,5802.20747191499,0,0,0.0012877104998262462,Low Risk
0,298.0,307.8,1716,26.6,9,9.800000000000011,4779.996054289943,0,0,0.000966937481509274,Low Risk
0,296.9,308.0,1343,44.5,15,11.100000000000025,6258.419085093786,0,0,0.001106386543385895,Low Risk
2,300.0,310.1,1714,28.7,55,10.100000000000025,5151.353249895279,0,0,0.0007483836449515383,Low Risk
0,303.9,312.6,1426,53.4,172,8.700000000000045,7974.241800753899,0,0,0.0007458592153756281,Low Risk
1,298.8,308.6,1707,28.1,103,9.800000000000011,5023.0610778981845,0,0,0.0013255608927394268,Low Risk
0,300.8,310.6,1360,48.8,91,9.800000000000011,6950.04070778158,0,0,0.0007057203638344793,Low Risk
0,297.2,308.6,1578,34.4,76,11.400000000000034,5684.523411111515,0,0,0.00036918548472070705,Low Risk
1,299.3,308.7,1390,49.3,215,9.399999999999975,7176.130659084924,0,0,0.09364991819004928,Low Risk
1,301.8,311.3,1624,31.6,145,9.5,5374.050281132748,0,0,0.0010063077262316004,Low Risk
0,303.7,312.0,1892,22.5,79,8.300000000000011,4457.919975443917,0,0,0.00039298011595372375,Low Risk
0,301.8,309.6,1432,43.7,138,7.800000000000011,6553.194723780117,0,0,0.001390078064680263,Low Risk
1,297.3,308.5,1710,27.7,138,11.199999999999989,4960.260640752925,0,0,0.017561633867022673,Low Risk
0,299.5,309.3,1333,54.1,147,9.800000000000011,7551.896556380801,0,0,0.0007458171993459435,Low Risk
0,301.9,310.9,1542,36.7,101,9.0,5926.237549878714,0,0,0.00034970236456243343,Low Risk
0,302.3,311.8,1435,44.8,98,9.5,6732.223617132688,0,0,0.001094027613619581,Low Risk
1,298.9,308.2,2022,20.0,23,9.300000000000011,4234.866897039041,0,0,0.001303859285115864,Low Risk
1,302.2,311.5,1562,38.0,162,9.300000000000011,6215.745784882526,0,0,0.0004398840365307028,Low Risk
1,300.7,309.6,1473,48.1,87,8.900000000000034,7419.530785909551,0,0,0.00032351240866969707,Low Risk
0,302.3,310.9,1403,47.2,173,8.599999999999966,6934.709735632062,0,0,0.011366207915469651,Low Risk
0,301.2,310.3,1499,38.1,61,9.100000000000025,5980.744182418497,0,0,0.0004146449267128563,Low Risk
1,302.2,311.3,1521,40.6,52,9.100000000000025,6466.717150002301,0,0,0.0002923327526606749,Low Risk
1,299.5,310.8,1507,40.2,156,11.300000000000011,6344.069372806158,0,0,0.00024578194178495713,Low Risk
2,300.6,309.4,1555,37.9,24,8.799999999999955,6171.606408099588,0,0,0.0005515076243861561,Low Risk
0,302.7,310.7,1977,20.0,21,8.0,4140.619117431348,0,0,0.0045792592450841045,Low Risk
0,301.3,310.0,1344,54.8,186,8.699999999999989,7712.735628269085,0,0,0.01962729586028713,Low Risk
1,297.3,308.4,1686,34.5,97,11.099999999999966,6091.23399604525,0,0,0.00048489524595141104,Low Risk
0,300.0,310.4,1505,44.9,133,10.399999999999975,7076.3850923334485,0,0,0.00022103793159823512,Low Risk
1,295.8,306.3,1444,45.5,76,10.5,6880.297350871885,0,0,0.0004022560164355334,Low Risk
2,302.2,311.8,1330,62.4,31,9.600000000000025,8690.901916890803,0,0,0.11808725833204312,Low Risk
1,296.8,307.4,1455,49.9,102,10.599999999999966,7603.125460585337,0,0,0.0007887273387624174,Low Risk
0,298.7,309.8,1695,29.0,145,11.100000000000025,5147.499562906876,0,0,0.005718896474071195,Low Risk
1,297.9,307.4,1610,34.6,219,9.5,5833.518678695767,0,0,0.0776135884877484,Low Risk
1,302.3,311.9,1508,42.3,159,9.599999999999966,6679.905627474905,0,0,0.00019440607470366957,Low Risk
0,303.4,312.2,1337,69.4,52,8.800000000000011,9716.715694091969,1,1,0.953,High Risk
1,298.6,309.5,1568,36.7,182,10.899999999999975,6026.161140213893,0,0,0.00026642372703944845,Low Risk
2,301.7,310.2,1620,30.8,42,8.5,5225.096901450544,0,0,0.00029055966952410024,Low Risk
1,298.0,308.7,1436,48.2,201,10.699999999999989,7248.198794558275,0,0,0.005906600298462937,Low Risk
0,297.6,308.4,1517,34.2,66,10.799999999999956,5433.007503265117,0,0,0.0002792050147298467,Low Risk
0,300.9,310.5,1599,40.5,57,9.600000000000025,6781.598981671606,0,0,0.00025788139688154933,Low Risk
0,301.7,311.0,1546,43.0,23,9.300000000000011,6961.559880844741,0,0,0.00024246583652799293,Low Risk
2,299.3,308.9,1429,43.0,96,9.599999999999966,6434.714792837734,0,0,0.0008553521269183416,Low Risk
1,300.5,311.8,1331,55.3,167,11.300000000000011,7707.824271753972,0,0,0.00035769633988218377,Low Risk
0,300.3,311.5,1378,47.5,64,11.199999999999989,6854.43157135733,0,0,0.0007175463108745636,Low Risk
1,297.2,308.5,1611,31.6,197,11.300000000000011,5331.031405729592,0,0,0.001649545113076365,Low Risk
2,301.0,310.9,1916,22.0,42,9.899999999999975,4414.147117803898,0,0,0.0008169455165749554,Low Risk
0,299.4,309.4,1701,31.2,199,10.0,5557.603067906487,0,0,0.006603676605106127,Low Risk
0,303.9,313.1,1665,29.6,0,9.200000000000044,5161.0084113173125,0,0,0.00034063665797953816,Low Risk
0,300.6,309.5,1471,49.6,29,8.899999999999977,7640.520885138569,0,0,0.0003582720015526207,Low Risk
0,302.3,311.6,1784,26.4,79,9.300000000000011,4932.049138723688,0,0,0.0008333430544936107,Low Risk
1,298.1,307.8,1514,43.5,78,9.699999999999989,6896.738352425672,0,0,0.0003176969901701976,Low Risk
0,299.0,310.3,1475,42.4,93,11.300000000000011,6549.173485183522,0,0,0.0002860609892220686,Low Risk
0,301.4,310.7,1590,36.3,43,9.300000000000011,6044.110106241402,0,0,0.00022278624006043246,Low Risk
1,298.6,309.5,1566,38.1,89,10.899999999999975,6248.062301312452,0,0,0.00027583012757304145,Low Risk
0,297.5,308.5,1375,55.6,128,11.0,8005.825278897988,0,0,0.008386714051782975,Low Risk
2,297.7,308.3,1488,41.0,101,10.600000000000025,6388.742820340203,0,0,0.0003850118742811418,Low Risk
0,303.8,313.0,1499,42.3,38,9.199999999999989,6640.0388167008505,0,0,0.0002270583078054199,Low Risk
0,304.4,313.6,1569,38.4,11,9.200000000000044,6309.323358057453,0,0,0.00017007103369192218,Low Risk
0,297.6,308.6,2384,14.4,171,11.0,3594.987305355872,0,0,0.0021291354499415284,Low Risk
0,300.5,311.4,1432,47.5,51,10.899999999999975,7123.037743239257,0,0,0.0004938374324545515,Low Risk
1,300.8,310.5,1330,59.0,190,9.699999999999989,8217.359184239702,0,0,0.2584693936785979,Low Risk
0,300.3,311.8,1567,37.7,180,11.5,6186.4137814735095,0,0,0.0008957399039387673,Low Risk
0,301.6,310.8,1726,26.7,150,9.199999999999989,4825.926138885425,0,0,0.0012367639072148199,Low Risk
0,299.3,310.6,1480,45.1,107,11.300000000000011,6989.8342147270505,0,0,0.00028462826747030696,Low Risk
1,301.3,310.7,1819,25.5,46,9.399999999999975,4857.373481347859,0,0,0.0007110310804075957,Low Risk
0,300.6,309.8,1455,48.0,125,9.199999999999989,7313.627697557038,0,0,0.0009400489462022657,Low Risk
1,300.2,311.6,1513,40.8,157,11.400000000000034,6464.392371438645,0,0,0.0002767378287180617,Low Risk
0,300.7,311.8,1443,43.7,217,11.100000000000025,6603.533510066139,0,0,0.051852965200448485,Low Risk
0,297.8,307.8,1573,37.9,33,10.0,6243.046225042221,0,0,0.00031340583242619855,Low Risk
0,300.6,310.1,1656,32.7,44,9.5,5670.700403435721,0,0,0.0002725882332337809,Low Risk
0,297.1,307.9,1342,49.1,179,10.799999999999956,6900.215048295646,0,0,0.0007430175683275707,Low Risk
0,301.5,310.9,2760,8.0,15,9.399999999999975,2312.212193042088,1,1,1.0,High Risk
0,298.2,308.6,1353,54.1,38,10.400000000000034,7665.203331420272,0,0,0.0009958512621297884,Low Risk
1,304.2,313.4,1329,54.5,75,9.199999999999989,7584.904223194518,0,0,0.014925977641536614,Low Risk
0,300.6,311.7,1432,39.2,2,11.099999999999966,5878.38062178903,0,0,0.0010502887965033198,Low Risk
0,301.0,310.9,1404,41.8,71,9.899999999999975,6145.709212658497,0,0,0.0005209011552645979,Low Risk
0,303.7,312.3,1606,37.4,103,8.600000000000023,6289.929259409292,0,0,0.005236501181694766,Low Risk
0,297.2,308.6,1652,32.1,52,11.400000000000034,5553.204838191463,0,0,0.0003867194726336893,Low Risk
0,302.3,311.7,1793,25.3,200,9.399999999999975,4750.391779517615,0,0,0.011179596399615332,Low Risk
0,301.3,310.6,1436,44.2,76,9.300000000000011,6646.68852115095,0,0,0.0004864859729011473,Low Risk
1,298.3,308.9,1646,25.4,46,10.599999999999966,4378.165409944783,0,0,0.0014264051740094461,Low Risk
0,303.6,311.7,1546,38.5,64,8.099999999999966,6233.024544477268,0,0,0.0011865889013666538,Low Risk
0,297.3,308.1,1763,28.4,54,10.800000000000011,5243.234363037269,0,0,0.0008993006123048611,Low Risk
0,300.6,309.4,1549,43.4,233,8.799999999999955,7039.953089527319,0,0,0.15100993874848356,Low Risk
0,298.2,308.8,1354,60.9,32,10.600000000000025,8635.044399509978,0,0,0.02917381397901851,Low Risk
1,300.0,309.3,1413,40.7,117,9.300000000000011,6022.338869152026,0,0,0.0006346924354904186,Low Risk
0,300.4,311.5,1441,44.6,96,11.100000000000025,6730.192053883367,0,0,0.0007530106960290419,Low Risk
2,298.5,309.4,1573,36.0,97,10.899999999999975,5930.070292916093,0,0,0.0003844927719688009,Low Risk
1,297.5,308.4,1596,36.6,80,10.899999999999975,6117.057887657758,0,0,0.0002635512074961044,Low Risk
1,298.0,308.7,1430,51.9,47,10.699999999999989,7771.986065715791,0,0,0.000407764332624575,Low Risk
0,302.5,311.9,1452,47.4,77,9.399999999999975,7207.31620215956,0,0,0.0002505987144995657,Low Risk
2,297.3,308.3,1461,41.5,108,11.0,6349.315832537652,0,0,0.00042367345806897675,Low Risk
0,300.6,310.7,1440,52.5,200,10.099999999999966,7916.813487046279,0,0,0.07213065918696293,Low Risk
0,298.0,308.8,1489,36.5,109,10.800000000000011,5691.3616111208285,0,0,0.00032693469502516353,Low Risk
0,299.4,310.8,1391,48.9,139,11.400000000000034,7123.027271263746,0,0,0.00047346145330148413,Low Risk
0,303.1,311.2,1394,45.3,144,8.099999999999966,6612.864040247298,0,0,0.0866836333885209,Low Risk
0,301.9,310.8,1465,44.3,57,8.900000000000034,6796.259747388359,0,0,0.0003499037182410328,Low Risk
0,297.4,308.3,1483,38.8,23,10.900000000000034,6025.61659748727,0,0,0.00028365517450372176,Low Risk
1,299.9,310.0,1484,42.1,182,10.100000000000025,6542.513308757912,0,0,0.000190742241845381,Low Risk
1,301.9,310.8,1563,39.2,39,8.900000000000034,6416.137508279507,0,0,0.00030111149772755195,Low Risk
0,303.3,312.1,1418,44.7,83,8.800000000000011,6637.619790357588,0,0,0.00048132544759226696,Low Risk
2,297.7,308.4,1738,27.7,96,10.699999999999989,5041.481282823733,0,0,0.0011416544317874636,Low Risk
1,298.0,307.6,1301,58.5,155,9.600000000000025,7970.063482524627,0,0,0.0025504716629099976,Low Risk
0,300.1,310.6,1809,24.3,97,10.5,4603.344299378588,0,0,0.0007352809064679471,Low Risk
1,300.8,309.4,1342,62.4,113,8.599999999999966,8769.316069524404,1,1,0.4898422088937357,Medium Risk
0,303.3,311.4,1510,37.3,36,8.099999999999966,5898.130767604596,0,0,0.00019232205922914303,Low Risk
1,297.4,309.3,1775,25.8,91,11.900000000000034,4795.641185704819,0,0,0.0016819196859672548,Low Risk
0,297.3,308.7,1506,39.3,187,11.399999999999975,6197.922482561159,0,0,0.0003947872142601663,Low Risk
1,297.3,308.3,1341,51.9,51,11.0,7288.2750448425695,0,0,0.0008204815225418533,Low Risk
1,301.8,310.3,1666,32.7,19,8.5,5704.94376335985,0,0,0.00029016496649485104,Low Risk
1,298.6,309.6,1344,59.4,200,11.0,8360.15504232087,0,0,0.2780199871493232,Low Risk
0,300.0,309.3,1558,29.7,168,9.300000000000011,4845.655340749969,0,0,0.002290581118802729,Low Risk
1,298.1,307.7,1419,47.4,142,9.599999999999966,7043.513561201388,0,0,0.0006046598602201257,Low Risk
0,303.6,313.1,1405,38.3,58,9.5,5635.127102621572,0,0,0.006115988032621627,Low Risk
1,302.8,312.2,1469,36.9,143,9.399999999999975,5676.449517991789,0,0,0.00026312551195117884,Low Risk
0,299.3,309.1,1531,37.9,127,9.800000000000011,6076.353318842746,0,0,0.0002343791106163334,Low Risk
0,300.8,310.3,1383,46.6,19,9.5,6748.957834000809,0,0,0.0006380299713873454,Low Risk
2,299.5,309.2,1872,22.6,162,9.699999999999989,4430.39962379847,0,0,0.002481459918435738,Low Risk
0,302.5,311.4,1559,37.6,209,8.899999999999977,6138.504493506264,0,0,0.07468528978235177,Low Risk
0,299.6,309.1,1369,51.4,164,9.5,7368.773120603051,0,0,0.0006556068642333693,Low Risk
1,298.9,308.9,1727,27.1,37,10.0,4901.062563183781,0,0,0.0012969293812944488,Low Risk
0,300.5,311.5,1708,31.2,57,11.0,5580.473862424622,0,0,0.0005596126214479518,Low Risk
1,302.6,311.6,1227,68.2,187,9.0,8763.095716070298,1,1,0.6037350716991341,High Risk
0,297.5,308.5,1340,57.4,143,11.0,8054.62468478375,0,0,0.016957652270171694,Low Risk
0,300.8,311.2,1376,48.1,172,10.399999999999975,6930.939824447753,0,0,0.0008370569582406798,Low Risk
2,302.2,311.2,1692,28.2,122,9.0,4996.640283681493,0,0,0.0012641433886116404,Low Risk
1,302.7,311.7,1759,29.9,5,9.0,5507.641272738898,0,0,0.00041037121175293645,Low Risk
2,297.5,308.8,1430,49.4,2,11.300000000000011,7397.612941163006,0,0,0.00760543288477919,Low Risk
0,301.9,310.9,1799,24.2,54,9.0,4559.058314938484,0,0,0.0008529630123152189,Low Risk
0,303.3,312.7,1262,63.8,100,9.399999999999975,8431.573915312478,0,0,0.1232577376566964,Low Risk
0,297.0,307.7,1731,28.5,186,10.699999999999989,5166.192039195735,0,0,0.0014667364151985888,Low Risk
1,302.3,310.9,1523,43.2,210,8.599999999999966,6889.889680440848,0,0,0.15319361341626347,Low Risk
1,303.4,312.8,1518,38.7,103,9.400000000000034,6151.929566112606,0,0,0.00017371005128218164,Low Risk
1,301.5,310.6,1492,43.0,100,9.100000000000025,6718.400609456892,0,0,0.00025981201763903953,Low Risk
0,302.0,311.0,1420,45.9,144,9.0,6825.424199189184,0,0,0.000706726062420152,Low Risk
0,304.3,313.5,2643,12.7,21,9.199999999999989,3515.033772322012,0,1,0.45029566210666017,Medium Risk
0,299.0,310.2,1516,35.3,102,11.199999999999989,5604.056751277568,0,0,0.00032069230005131656,Low Risk
1,300.4,309.5,1888,21.9,221,9.100000000000025,4329.868658883596,0,0,0.16398210642280917,Low Risk
0,302.3,311.1,1373,53.0,181,8.800000000000011,7620.351860302522,0,0,0.037446856278132164,Low Risk
0,301.1,312.4,1430,37.9,124,11.299999999999956,5675.496568220201,0,0,0.010611632140172992,Low Risk
0,298.9,310.0,1693,28.8,56,11.100000000000025,5105.967708026419,0,0,0.0009104050001373766,Low Risk
0,298.0,307.6,1450,48.7,138,9.600000000000025,7394.785507774775,0,0,0.00045481225131574666,Low Risk
0,302.3,310.1,1388,49.9,48,7.800000000000011,7253.015903293779,0,0,0.014202663139678266,Low Risk
1,299.0,310.3,1494,46.6,144,11.300000000000011,7290.631239332762,0,0,0.0003192603180875098,Low Risk
0,300.7,310.7,1507,46.1,209,10.0,7275.164131501589,0,0,0.04556307819261222,Low Risk
1,299.7,309.1,1576,36.4,149,9.400000000000034,6007.39536009645,0,0,0.00025622396367210964,Low Risk
0,301.5,310.6,1519,40.7,208,9.100000000000025,6474.120836689262,0,0,0.03335156784222573,Low Risk
2,301.8,311.1,1543,36.4,120,9.300000000000011,5881.605990246714,0,0,0.0003016310518282456,Low Risk
0,302.1,311.2,1417,48.0,13,9.099999999999966,7122.618864218779,0,0,0.0005735769028497881,Low Risk
0,301.7,310.6,1447,56.9,47,8.900000000000034,8622.027733948602,0,0,0.005510079519198932,Low Risk
0,300.5,309.9,1480,40.0,148,9.399999999999975,6199.409503083858,0,0,0.0007014798869278195,Low Risk
0,301.4,311.3,1674,33.3,46,9.900000000000034,5837.518973341337,0,0,0.00033937463835791745,Low Risk
0,301.2,310.7,1517,39.4,107,9.5,6259.07881955104,0,0,0.0002278153911237947,Low Risk
0,303.5,312.1,1674,30.8,0,8.600000000000023,5399.266798165562,0,0,0.0015087657166410352,Low Risk
0,301.1,311.1,1387,53.1,188,10.0,7712.578548636406,0,0,0.003466691913625195,Low Risk
0,302.3,311.4,1504,38.7,65,9.099999999999966,6095.1924027887735,0,0,0.00032870421283290275,Low Risk
0,299.6,310.9,1472,40.9,137,11.299999999999956,6304.631913028092,0,0,0.0002746151593115763,Low Risk
2,297.7,309.4,1608,30.2,135,11.699999999999989,5085.35886021887,0,0,0.0006610025857980638,Low Risk
0,296.2,306.9,1526,34.9,140,10.699999999999989,5577.101886309769,0,0,0.00044520666057710546,Low Risk
0,297.0,308.1,1429,54.0,138,11.100000000000025,8080.804623563667,0,0,0.006043364703325598,Low Risk
0,298.5,308.8,1305,58.7,26,10.300000000000011,8021.899761308857,0,0,0.0024728838326222237,Low Risk
0,302.7,312.3,1421,48.5,0,9.600000000000025,7217.128443214272,0,0,0.0014004454193760328,Low Risk
1,301.9,310.9,2305,16.1,42,9.0,3886.2024723681343,0,0,0.0009133980281304713,Low Risk
0,303.4,311.7,1295,51.3,51,8.300000000000011,6956.899851741916,1,1,0.9723213311387642,High Risk
2,302.3,310.9,1366,48.4,130,8.599999999999966,6923.483777883234,1,1,0.6088740163893465,High Risk
1,299.2,308.3,1582,45.5,107,9.100000000000025,7537.83269326823,0,0,0.00032085038407201716,Low Risk
0,298.9,308.7,1389,44.9,69,9.800000000000011,6530.962719768212,0,0,0.0006844588457585919,Low Risk
1,296.9,307.9,2010,18.9,86,11.0,3978.198777240754,0,0,0.0015664136141961252,Low Risk
0,299.5,309.4,1602,31.5,193,9.899999999999975,5284.473002603391,0,0,0.00029996579056102546,Low Risk
1,298.3,309.2,1783,28.3,130,10.899999999999975,5284.0436516074005,0,0,0.0008748378344997672,Low Risk
0,301.5,310.9,1318,50.6,11,9.399999999999975,6983.844244734205,0,0,0.006628589086491249,Low Risk
0,300.6,311.3,1531,38.5,0,10.699999999999989,6172.548885895666,0,0,0.0002351699904786637,Low Risk
0,299.0,309.1,1523,38.6,177,10.100000000000025,6156.244020023535,0,0,0.0002603987088804117,Low Risk
2,300.4,309.3,1396,51.2,54,8.900000000000034,7484.865441128706,0,0,0.005967059515467349,Low Risk
1,303.4,311.8,1391,42.7,197,8.400000000000034,6219.903159160777,0,0,0.04497452590945449,Low Risk
0,302.4,311.2,1466,43.9,152,8.800000000000011,6739.491168137991,0,0,0.0002661014095877001,Low Risk
0,299.9,310.3,1638,29.1,152,10.400000000000034,4991.550903582679,0,0,0.011643871442851872,Low Risk
0,295.7,306.2,2270,14.6,149,10.5,3470.622124175764,1,1,0.6952704906765811,High Risk
0,302.3,311.3,1439,41.8,96,9.0,6298.914214398558,0,0,0.0021946883914121668,Low Risk
1,302.3,311.3,1339,50.8,123,9.0,7123.163406945401,0,0,0.003225670789902628,Low Risk
2,300.5,311.7,1454,50.3,175,11.199999999999989,7658.804954382461,0,0,0.001137668363059426,Low Risk
1,298.4,309.5,1344,45.3,122,11.100000000000025,6375.6737949012695,0,0,0.0005091338254852925,Low Risk
0,298.9,309.0,1410,65.7,191,10.100000000000025,9700.923955019924,1,1,0.995,High Risk
1,300.2,309.4,1433,48.8,191,9.199999999999989,7323.094363419855,0,0,0.0009417525125542115,Low Risk
0,302.2,311.7,1488,44.6,178,9.5,6949.705604565197,0,0,0.00022522632499101948,Low Risk
2,300.5,311.6,1351,53.5,78,11.100000000000025,7568.986820416329,0,0,0.0023227100261793304,Low Risk
2,303.0,312.5,1698,30.0,89,9.5,5334.424325795469,0,0,0.00037183190761272997,Low Risk
0,297.4,308.3,1472,45.5,2,10.900000000000034,7013.710318894332,0,0,0.0003141893066378105,Low Risk
0,296.2,306.8,1389,53.3,132,10.600000000000025,7752.790934602354,0,0,0.006443731811525626,Low Risk
1,297.4,308.6,1522,38.0,33,11.200000000000044,6056.571757100643,0,0,0.00037063121811883046,Low Risk
2,301.3,310.1,1455,44.1,188,8.800000000000011,6719.395447130529,0,0,0.000480319356300197,Low Risk
1,301.0,310.6,1698,27.3,14,9.600000000000025,4854.326136473876,0,0,0.006336187866893008,Low Risk
0,300.7,309.5,1467,44.3,55,8.800000000000011,6805.5379176919605,0,0,0.0003367447855809319,Low Risk
0,302.2,311.5,1548,32.4,81,9.300000000000011,5252.240261977559,0,0,0.0002550532863183075,Low Risk
2,296.7,307.4,1661,34.2,109,10.699999999999989,5948.731353278417,0,0,0.0004150751437693751,Low Risk
1,301.5,310.6,1638,31.9,137,9.100000000000025,5471.837588463486,0,0,0.00026874179517110157,Low Risk
1,300.6,310.7,1654,32.0,180,10.099999999999966,5542.607198973352,0,0,0.00023017145920735862,Low Risk
0,298.0,308.6,1610,33.1,56,10.600000000000025,5580.620470081789,0,0,0.0002729847712189394,Low Risk
0,297.6,308.6,1382,47.1,11,11.0,6816.439244199918,0,0,0.00209434732413489,Low Risk
1,300.8,310.7,1483,40.8,28,9.899999999999975,6336.215391172181,0,0,0.00019897664110887987,Low Risk
0,298.5,309.4,1560,37.9,37,10.899999999999975,6191.450801694764,0,0,0.00028818070131838555,Low Risk
0,301.6,310.2,1384,57.1,68,8.599999999999966,8275.625255988281,0,0,0.06492660889375516,Low Risk
1,302.2,311.6,1379,42.9,13,9.400000000000034,6195.126465099464,0,0,0.055487586664353036,Low Risk
0,297.8,307.4,1355,45.8,60,9.599999999999966,6498.803282970966,0,0,0.0006324262401907651,Low Risk
1,301.1,310.9,1396,45.1,12,9.799999999999956,6593.113894431732,0,0,0.00058641988928087,Low Risk
0,300.5,309.9,1443,48.3,122,9.399999999999975,7298.642300599416,0,0,0.0011599361264614842,Low Risk
0,303.3,311.3,1592,33.7,14,8.0,5618.256750071795,0,0,0.00022695380962391281,Low Risk
1,301.7,310.5,1724,33.0,171,8.800000000000011,5957.716308267683,0,0,0.000658129398560764,Low Risk
0,297.3,308.6,1358,47.6,110,11.300000000000011,6769.168746738904,0,0,0.0007383026734240378,Low Risk
1,302.3,311.7,1442,41.7,127,9.399999999999975,6296.94548300231,0,0,0.0003400791451908775,Low Risk
0,304.2,313.3,1410,51.6,47,9.100000000000025,7618.990503485967,0,0,0.00042035389259214087,Low Risk
0,300.7,310.8,1689,28.9,100,10.100000000000025,5111.591158876344,0,0,0.0007216332707558253,Low Risk
0,302.0,310.4,1611,35.6,117,8.399999999999977,6005.84550772068,0,0,0.00024798270425751087,Low Risk
0,301.0,310.9,1813,28.5,197,9.899999999999975,5410.92210691038,0,0,0.0012186179937384465,Low Risk
2,298.1,308.3,1530,42.0,184,10.199999999999989,6729.291463989337,0,0,0.0005773527581770244,Low Risk
2,297.9,309.1,1435,44.7,8,11.200000000000044,6717.196332273017,0,0,0.012027373250425667,Low Risk
2,300.3,309.7,1582,30.8,144,9.399999999999975,5102.532900058494,0,0,0.00042549314046763415,Low Risk
0,300.0,311.0,1637,33.6,181,11.0,5759.92163479767,0,0,0.00031540483336979237,Low Risk
0,299.4,310.6,1348,54.5,22,11.200000000000044,7693.341529620925,0,0,0.0022970709928386937,Low Risk
1,298.1,308.6,1551,42.8,0,10.5,6951.590560157351,0,0,0.00028829244442315957,Low Risk
1,298.8,309.6,1693,33.3,170,10.800000000000011,5903.775162405546,0,0,0.0005648952224750637,Low Risk
0,299.4,309.1,1766,24.6,158,9.700000000000044,4549.403153516451,0,0,0.0011864579425939943,Low Risk
1,300.4,311.7,1555,38.7,5,11.300000000000011,6301.877783468446,0,0,0.0004914842978261574,Low Risk
0,301.9,310.9,1574,31.4,27,9.0,5175.627289132016,0,0,0.00040041563885450347,Low Risk
0,299.1,308.3,1305,61.4,17,9.199999999999989,8390.879818472979,0,0,0.03227746289804754,Low Risk
0,302.3,311.0,1442,43.7,152,8.699999999999989,6598.957256767409,0,0,0.0004928768461336285,Low Risk
0,299.5,309.4,1390,58.8,195,9.899999999999975,8558.955025440031,1,0,0.17686559135857813,Low Risk
0,302.0,309.7,1414,36.3,209,7.699999999999989,5375.07653473292,0,0,0.1392482171001421,Low Risk
1,297.4,308.1,1734,27.7,70,10.700000000000044,5029.878333956474,0,0,0.0011345653667932454,Low Risk
1,297.2,308.5,1584,40.0,4,11.300000000000011,6635.043684381643,0,0,0.0003408655394073518,Low Risk
0,302.6,312.1,1668,28.7,180,9.5,5013.102229186305,0,0,0.0011647126525230773,Low Risk
0,301.9,310.6,1573,36.6,15,8.700000000000045,6028.904797798029,0,0,0.0003548852870593588,Low Risk
2,300.8,311.4,1453,44.6,38,10.599999999999966,6786.238066823408,0,0,0.0006369056474051157,Low Risk
1,299.5,310.1,1659,31.5,44,10.600000000000025,5472.49732292074,0,0,0.0002226478327619508,Low Risk
0,301.1,310.1,1666,27.2,40,9.0,4745.396647198407,0,0,0.0012381504073225712,Low Risk
1,295.5,306.0,1423,45.3,205,10.5,6750.434382547996,0,0,0.030540312688546702,Low Risk
1,301.0,310.9,1510,44.5,66,9.899999999999975,7036.643945265538,0,0,0.00018939759475759585,Low Risk
1,300.7,311.7,1532,40.0,0,11.0,6417.22659373275,0,0,0.00021707541063686813,Low Risk
1,296.6,307.5,1482,39.9,153,10.899999999999975,6192.267615784698,0,0,0.0003270866797440665,Low Risk
0,302.8,312.2,1433,50.0,216,9.399999999999975,7503.170454323622,0,0,0.20097011359852332,Low Risk
0,301.4,310.1,1937,21.8,205,8.700000000000045,4421.9592115358255,0,0,0.13289083051405728,Low Risk
0,302.1,311.3,1477,43.6,196,9.199999999999989,6743.659014391754,0,0,0.00036579744458926493,Low Risk
1,297.5,308.0,2033,16.7,128,10.5,3555.3508780430807,0,0,0.00118138572916824,Low Risk
0,299.0,310.1,1886,21.2,13,11.100000000000025,4187.030912900381,0,0,0.004720124514990381,Low Risk
1,300.4,309.2,1528,37.2,228,8.800000000000011,5952.438432609653,0,0,0.09115355075142503,Low Risk
0,300.0,309.6,1452,46.0,51,9.600000000000025,6994.441883952316,0,0,0.0003550936152081148,Low Risk
0,300.7,310.9,1637,37.2,115,10.199999999999989,6377.05609566885,0,0,0.00023849398326733905,Low Risk
1,298.5,309.7,1523,44.6,83,11.199999999999989,7113.173142306986,0,0,0.00043870096289498893,Low Risk
0,301.2,311.0,1670,33.0,200,9.800000000000011,5771.105704644449,0,0,0.004204643297933369,Low Risk
0,302.9,312.4,1698,33.8,202,9.5,6010.11807372956,0,0,0.0046655762542002375,Low Risk
1,300.3,309.2,1364,47.6,45,8.899999999999977,6799.076708801078,0,0,0.0032016250409650964,Low Risk
0,301.4,311.0,1634,32.6,155,9.600000000000025,5578.253803616085,0,0,0.0003042182818056306,Low Risk
1,302.5,310.4,1429,43.2,191,7.899999999999977,6464.643698850933,0,0,0.0009085904511634947,Low Risk
0,297.3,308.7,1556,36.7,114,11.399999999999975,5980.042560059196,0,0,0.00036527816937789894,Low Risk
1,298.7,309.9,1411,45.1,51,11.199999999999989,6663.956808770181,0,0,0.001048013605070881,Low Risk
1,300.2,311.7,1397,50.2,71,11.5,7343.933594688668,0,0,0.0004685989054029006,Low Risk
0,300.7,310.2,1639,31.4,48,9.5,5389.360309331242,0,0,0.0002760994691888371,Low Risk
0,301.7,310.6,1406,46.0,112,8.900000000000034,6772.854882119114,0,0,0.0007862063823821751,Low Risk
0,301.6,310.6,1391,49.4,164,9.0,7195.859860949469,0,0,0.0004214771991780346,Low Risk
1,297.6,308.7,1376,59.9,74,11.099999999999966,8631.253544374646,0,0,0.022308031758990845,Low Risk
1,302.2,311.4,1539,35.1,24,9.199999999999989,5656.84597983339,0,0,0.0003426754314242065,Low Risk
0,301.0,310.5,1601,33.2,77,9.5,5566.1900878263,0,0,0.0002760994691888371,Low Risk
1,303.9,313.2,1350,47.2,2,9.300000000000011,6672.742796224721,0,0,0.002095670510600286,Low Risk
0,299.0,308.6,1378,47.8,163,9.600000000000025,6897.722718123797,0,0,0.006972983981956607,Low Risk
1,303.3,311.8,1548,33.5,75,8.5,5430.5570609953165,0,0,0.0002408871420929873,Low Risk
1,298.7,310.1,1693,31.9,51,11.400000000000034,5655.568398820928,0,0,0.0005321097563458575,Low Risk
0,300.1,311.4,1484,43.1,13,11.299999999999956,6697.917425355487,0,0,0.00030424070875200115,Low Risk
0,301.8,310.2,2825,5.8,215,8.399999999999977,1715.833187635625,1,1,0.842611756533323,High Risk
1,297.8,307.8,1622,32.1,18,10.0,5452.35971401123,0,0,0.0004922627617568943,Low Risk
1,297.2,308.3,1776,28.0,43,11.100000000000025,5207.503982590441,0,0,0.001023664869599029,Low Risk
0,297.8,308.4,1612,32.1,183,10.599999999999966,5418.744672617819,0,0,0.00029878320595216423,Low Risk
0,301.2,310.7,1551,41.2,82,9.5,6691.718015852404,0,0,0.00022742499469902093,Low Risk
0,299.0,308.6,1946,22.3,102,9.600000000000025,4544.397549221731,0,0,0.0011587238762104627,Low Risk
0,302.0,310.8,1383,50.3,231,8.800000000000011,7284.81929292362,1,1,0.4188031447676199,Medium Risk
1,296.9,308.1,1440,46.3,64,11.200000000000044,6981.875513337955,0,0,0.0005080566359069537,Low Risk
0,300.4,310.5,1818,25.1,14,10.100000000000025,4778.550921669292,0,0,0.0009801484752695517,Low Risk
0,302.4,310.2,1633,28.0,164,7.800000000000011,4788.206083091323,0,0,0.0012740616488484257,Low Risk
1,297.8,307.8,1310,57.9,70,10.0,7942.888706071074,0,0,0.010760402019402013,Low Risk
1,301.7,310.6,1876,22.1,99,8.900000000000034,4341.639159359046,0,0,0.0035454138069167984,Low Risk
1,299.0,310.6,1787,22.2,192,11.600000000000025,4154.37929325407,0,0,0.0026176188513269967,Low Risk
0,297.6,309.4,1628,33.4,229,11.799999999999956,5694.157628582525,0,0,0.09130234171455451,Low Risk
0,302.3,311.5,1565,35.6,41,9.199999999999989,5834.356436736724,0,0,0.0003516716438062302,Low Risk
0,298.6,309.1,1537,35.7,198,10.5,5746.06721119534,0,0,0.0018971858294064756,Low Risk
1,300.7,311.0,1559,42.8,121,10.300000000000011,6987.446604310322,0,0,0.00018598000700156383,Low Risk
0,299.6,311.0,1708,31.0,122,11.399999999999975,5544.7015940757465,0,0,0.0005061721047494252,Low Risk
0,298.6,309.7,1925,22.1,7,11.099999999999966,4455.040182178126,0,0,0.005929296029556081,Low Risk
1,303.4,311.8,1316,50.9,69,8.400000000000034,7014.589964837338,1,1,0.9620713311387642,High Risk
0,296.3,307.3,1567,31.4,5,11.0,5152.609886956715,0,0,0.0005043043581368481,Low Risk
1,300.2,310.3,1704,29.4,221,10.100000000000025,5246.208404082668,0,0,0.10051707188650115,Low Risk
2,296.9,307.8,1549,35.8,206,10.900000000000034,5807.150244356636,1,0,0.021503789974605003,Low Risk
1,298.3,307.9,1485,42.0,117,9.599999999999966,6531.37112681318,0,0,0.00039627118859464453,Low Risk
0,300.7,310.6,1616,29.6,47,9.900000000000034,5009.122878491758,0,0,0.001402054880491373,Low Risk
0,301.0,310.9,1479,44.3,194,9.899999999999975,6861.206939513572,0,0,0.00024268690114383578,Low Risk
1,295.8,306.5,1514,37.7,60,10.699999999999989,5977.173238768916,0,0,0.0004384439968960986,Low Risk
0,298.7,309.5,1446,40.0,160,10.800000000000011,6056.9906361211215,0,0,0.0003175491393180435,Low Risk
0,299.8,309.2,1439,36.1,203,9.399999999999975,5439.971366980573,0,0,0.05622173371420027,Low Risk
0,298.6,310.0,1522,40.3,32,11.399999999999975,6423.153731872522,0,0,0.0004295722932177145,Low Risk
0,301.6,310.6,1418,43.9,129,9.0,6518.825700149845,0,0,0.0004798660229437561,Low Risk
1,298.8,310.0,1295,52.7,74,11.199999999999989,7146.75676777386,0,0,0.0021158582981014133,Low Risk
0,299.0,310.4,1382,53.0,89,11.399999999999975,7670.3031834946,0,0,0.001055628450732044,Low Risk
1,300.5,311.6,1456,51.1,193,11.100000000000025,7791.317332510879,0,0,0.01530363599115888,Low Risk
1,302.2,310.1,1368,51.6,12,7.900000000000034,7392.041850190639,1,1,0.9471323623026209,High Risk
2,303.8,312.9,1378,45.6,184,9.099999999999966,6580.254308503037,0,0,0.0269403904403374,Low Risk
2,298.6,309.4,1439,47.1,149,10.799999999999956,7097.580370769668,0,0,0.013247319310398629,Low Risk
0,302.4,311.9,1541,37.9,192,9.5,6116.042106033096,0,0,0.0002222984885997135,Low Risk
1,301.5,310.1,1468,40.8,32,8.600000000000023,6272.126901038951,0,0,0.00020156548719826577,Low Risk
0,299.1,308.9,1686,29.6,108,9.799999999999956,5226.102211099693,0,0,0.0004314121929029905,Low Risk
0,302.3,310.7,1499,37.8,137,8.399999999999977,5933.651708541185,0,0,0.0002595786108575468,Low Risk
2,297.9,307.6,1418,43.0,207,9.700000000000044,6385.182348666135,0,0,0.0702637319588668,Low Risk
2,300.3,311.9,1390,49.0,194,11.599999999999966,7132.4625212000265,0,0,0.0016594143462418751,Low Risk
1,298.5,309.5,1483,44.8,92,11.0,6957.412978542003,0,0,0.0008396684858315537,Low Risk
0,301.3,310.4,1384,50.1,88,9.099999999999966,7261.100268389017,0,0,0.00043784879027442735,Low Risk
0,297.2,308.5,1447,47.9,188,11.300000000000011,7258.262363025274,0,0,0.00043784847500861985,Low Risk
0,297.1,307.8,1477,36.6,177,10.699999999999989,5660.961466209591,0,0,0.000521267540736672,Low Risk
0,296.8,308.0,1675,29.7,46,11.199999999999989,5209.546017815274,0,0,0.000704259009352965,Low Risk
0,298.2,307.8,1749,26.1,66,9.600000000000025,4780.341629481837,0,0,0.0010606519266253063,Low Risk
0,303.5,312.4,1284,70.6,94,8.899999999999977,9492.887689499204,1,1,0.938,High Risk
0,297.9,309.8,2000,21.3,29,11.900000000000034,4461.061568097506,0,0,0.008968334417861972,Low Risk
0,301.1,310.5,1428,44.1,103,9.399999999999975,6594.70563470955,0,0,0.0004721319059155013,Low Risk
1,298.7,309.8,1435,48.8,71,11.100000000000025,7333.315011519535,0,0,0.0009178928515349166,Low Risk
0,300.0,311.3,1493,41.4,28,11.300000000000011,6472.749007897195,0,0,0.0002810195573180415,Low Risk
0,300.5,311.6,1541,47.8,156,11.100000000000025,7713.636218163114,0,0,0.005640456626334698,Low Risk
0,297.2,308.6,1636,31.3,192,11.400000000000034,5362.363556461394,0,0,0.0016895449343939412,Low Risk
0,298.4,309.2,1345,52.7,196,10.800000000000011,7422.693322514164,0,0,0.0337622151582055,Low Risk
0,297.5,308.5,1722,30.4,178,11.0,5481.953516808045,0,0,0.0006213847013729801,Low Risk
0,302.6,311.0,1369,60.0,93,8.399999999999977,8601.680685528854,1,1,0.9209251439667745,High Risk
2,297.3,307.9,1461,37.5,161,10.599999999999966,5737.33358361836,0,0,0.0006174294394812629,Low Risk
0,303.0,311.2,1755,30.4,205,8.199999999999989,5587.008375144087,0,0,0.01491676502019639,Low Risk
0,302.0,310.5,1651,30.9,146,8.5,5342.372555209051,0,0,0.00026393857728680204,Low Risk
2,299.2,308.7,1448,51.4,173,9.5,7793.998158241941,0,0,0.000591090043906279,Low Risk
0,298.9,310.2,1562,42.5,179,11.300000000000011,6951.820943618614,0,0,0.00029490366476614226,Low Risk
0,300.7,311.7,1524,43.5,222,11.0,6942.291445902724,0,0,0.05188177365705335,Low Risk
0,297.8,308.4,1737,27.5,146,10.599999999999966,5002.200902678348,0,0,0.003094438579232429,Low Risk
0,302.6,312.0,1674,32.2,70,9.399999999999975,5644.688016263997,0,0,0.0002931523791473418,Low Risk
0,298.7,309.7,1881,21.7,29,11.0,4274.419548547737,0,0,0.0024023497362694506,Low Risk
2,302.4,312.0,1477,39.7,18,9.600000000000025,6140.441808975977,0,0,0.0003122847022162133,Low Risk
0,299.6,310.2,1333,51.2,40,10.599999999999966,7147.081399014733,0,0,0.002927037917955978,Low Risk
1,298.5,309.0,1921,22.0,196,10.5,4425.6662908670605,0,0,0.001508723107899043,Low Risk
0,297.3,308.2,1446,53.5,7,10.899999999999975,8101.224975812,0,0,0.0019462694050728063,Low Risk
1,297.9,309.2,1529,38.1,96,11.300000000000011,6100.438862520268,0,0,0.0003500987428324812,Low Risk
0,301.2,310.3,1548,38.6,59,9.100000000000025,6257.298583714007,0,0,0.0002627696708705983,Low Risk
0,303.7,312.6,1396,44.1,136,8.900000000000034,6446.925116284687,0,0,0.0005610155684194818,Low Risk
1,300.1,309.4,1569,31.6,124,9.299999999999956,5192.047346734779,0,0,0.00032355109918544614,Low Risk
0,300.7,311.7,1635,32.4,213,11.0,5547.424307708856,0,0,0.02998863898826909,Low Risk
0,296.6,307.4,1616,28.0,175,10.799999999999956,4738.359479654365,0,0,0.002487492293488872,Low Risk
0,299.7,309.2,1616,31.6,175,9.5,5347.577127038498,0,0,0.00035744203526727746,Low Risk
0,301.1,309.8,1519,39.6,167,8.699999999999989,6299.144597859823,0,0,0.0004559140800521259,Low Risk
0,299.2,308.4,1509,39.4,0,9.199999999999989,6226.071152737323,0,0,0.00034687874685946035,Low Risk
0,298.6,309.4,1698,33.2,147,10.799999999999956,5903.429587213652,0,0,0.0004412932708659419,Low Risk
0,297.2,308.6,1924,22.1,163,11.400000000000034,4452.725875589982,0,0,0.0035455552266667302,Low Risk
1,301.9,310.7,1405,47.9,80,8.800000000000011,7047.587159675543,0,0,0.0005396804567820771,Low Risk
0,296.9,308.4,1557,32.4,173,11.5,5282.776542570452,0,0,0.0004195231024559612,Low Risk
0,300.9,310.7,1427,44.1,141,9.800000000000011,6590.087493508774,0,0,0.00044132966120169985,Low Risk
0,300.9,310.8,1493,45.8,57,9.900000000000034,7160.674023229264,0,0,0.0002455281312196811,Low Risk
0,298.4,308.2,1364,45.9,63,9.800000000000011,6556.25254062961,0,0,0.0005399924847090108,Low Risk
0,301.4,310.7,1376,50.6,25,9.300000000000011,7291.175782059383,0,0,0.0010606135888336953,Low Risk
0,298.1,308.9,1367,41.9,113,10.799999999999956,5998.064829915288,0,0,0.00043529295447236827,Low Risk
1,298.3,309.0,1802,27.5,71,10.699999999999989,5189.38746495474,0,0,0.0008748378344997672,Low Risk
0,295.6,306.3,1911,20.9,74,10.699999999999989,4182.496547503699,0,0,0.0012270867940874738,Low Risk
0,301.2,311.2,1635,29.6,211,10.0,5068.017268771054,0,0,0.03158337773464822,Low Risk
0,298.2,307.6,1369,54.5,82,9.400000000000034,7813.193289355376,0,0,0.0034226133009700277,Low Risk
1,302.3,311.2,1546,40.0,71,8.899999999999977,6475.86965659976,0,0,0.0002861125091497676,Low Risk
0,301.5,310.5,1535,39.0,204,9.0,6269.048140238431,0,0,0.025418154632272438,Low Risk
1,302.0,311.2,1625,30.7,189,9.199999999999989,5224.206783532027,0,0,0.00034322679274246664,Low Risk
0,300.8,310.6,1384,52.9,165,9.800000000000011,7666.910263428722,0,0,0.0003947901892154573,Low Risk
0,301.5,310.5,1435,44.6,135,9.0,6702.169047413346,0,0,0.00050773784509131,Low Risk
0,298.8,310.1,1653,30.3,119,11.300000000000011,5244.983182947767,0,0,0.0005106233423599641,Low Risk
0,302.2,311.5,1744,31.2,172,9.300000000000011,5698.095091375022,0,0,0.000980060441479299,Low Risk
1,297.9,309.0,2456,13.9,82,11.100000000000025,3574.9648881769936,0,0,0.007188236024624754,Low Risk
0,298.7,309.7,1510,40.6,162,11.0,6419.949307365861,0,0,0.0003670034071726279,Low Risk
0,303.7,313.0,1753,29.0,42,9.300000000000011,5323.638191018144,0,0,0.0007909487455185423,Low Risk
0,297.4,308.3,1412,42.0,111,10.900000000000034,6210.300357616304,0,0,0.0006790679515305372,Low Risk
0,301.3,310.4,1501,41.6,192,9.099999999999966,6538.869061279749,0,0,0.0002863845018981129,Low Risk
0,298.6,309.4,1667,35.6,185,10.799999999999956,6214.614811527233,0,0,0.00042487939407851084,Low Risk
1,299.4,309.1,1440,50.0,134,9.700000000000044,7539.822368615503,0,0,0.0008170900384360496,Low Risk
0,297.9,307.6,1515,40.5,118,9.700000000000044,6425.342374754525,0,0,0.0002872357830114954,Low Risk
0,302.2,310.9,1604,40.5,68,8.699999999999989,6802.8047320833375,0,0,0.0003690431472578209,Low Risk
1,302.3,311.7,1639,36.6,121,9.399999999999975,6281.865838265079,0,0,0.00017710936391999573,Low Risk
0,297.4,308.4,1394,50.1,213,11.0,7313.5648657039665,0,0,0.12132005355735272,Low Risk
1,301.9,310.9,1419,47.7,20,9.0,7088.092760955828,1,0,0.0005687143549512046,Low Risk
0,298.9,310.1,1466,43.4,50,11.200000000000044,6662.73158763528,0,0,0.0002951684573459302,Low Risk
0,299.4,309.2,1607,31.7,145,9.800000000000011,5334.623293330196,0,0,0.0005866673558278006,Low Risk
1,299.0,309.8,2240,15.9,144,10.800000000000011,3729.698798341802,0,0,0.0022760361261603434,Low Risk
0,299.3,308.8,1772,25.2,89,9.5,4676.197833015335,0,0,0.0009935561316721227,Low Risk
0,297.1,308.5,1323,44.4,207,11.399999999999975,6151.364079434959,1,0,0.08141799339216005,Low Risk
0,304.0,313.1,1465,41.0,69,9.100000000000025,6289.992091262364,0,0,0.00021868463055515794,Low Risk
1,302.2,311.7,1653,31.4,2,9.5,5435.395113681844,0,0,0.0002352386522961922,Low Risk
1,298.7,309.7,1868,23.8,118,11.0,4655.672761011882,0,0,0.0022707548510960338,Low Risk
0,301.3,311.2,1457,44.5,14,9.899999999999975,6789.66240281582,0,0,0.00025301201589214827,Low Risk
0,298.8,308.6,1501,35.0,55,9.800000000000011,5501.452335211327,0,0,0.0003527567452191889,Low Risk
0,298.5,310.2,1676,32.7,18,11.699999999999989,5739.1871232839785,0,0,0.0006508321778043953,Low Risk
1,301.5,310.5,1612,29.8,148,9.0,5030.485708536168,0,0,0.0016958947184227474,Low Risk
0,298.0,308.7,1506,47.0,208,10.699999999999989,7412.273706879759,0,0,0.03217423940494536,Low Risk
0,300.5,309.7,1616,34.5,155,9.199999999999989,5838.335787431272,0,0,0.0006795250631478278,Low Risk
1,300.3,311.6,1304,62.8,118,11.300000000000011,8575.626410455083,0,0,0.023862868762666762,Low Risk
0,301.4,310.5,1571,33.9,208,9.100000000000025,5577.049526432207,0,0,0.030683636096730308,Low Risk
1,299.9,309.1,1513,43.8,188,9.200000000000044,6939.715339926781,0,0,0.0003115027737265906,Low Risk
2,300.2,309.9,1906,22.9,165,9.699999999999989,4570.745039609838,0,0,0.0017866218528963288,Low Risk
0,299.6,311.0,1554,36.3,62,11.399999999999975,5907.26233025103,0,0,0.000338319249021835,Low Risk
1,299.7,309.0,1645,31.9,155,9.300000000000011,5495.221509781706,0,0,0.0005764462896755092,Low Risk
0,301.2,310.2,1385,42.3,42,9.0,6135.059213562828,0,0,0.0005722669537694494,Low Risk
0,299.1,308.5,1539,46.8,190,9.399999999999975,7542.461306444519,0,0,0.00031675788874478597,Low Risk
1,303.9,312.9,1430,53.5,189,9.0,8011.584865429572,0,0,0.025342064077819547,Low Risk
0,298.1,307.8,1379,49.1,135,9.699999999999989,7090.459427421532,0,0,0.007867099239700944,Low Risk
1,299.2,308.4,1538,38.0,98,9.199999999999989,6120.241368213396,0,0,0.0002994519244304299,Low Risk
0,296.9,307.7,1464,41.4,6,10.800000000000011,6347.02246990053,0,0,0.00031981681929180736,Low Risk
0,303.8,313.1,1309,55.8,193,9.300000000000011,7648.9612974012125,0,0,0.17414556207255813,Low Risk
0,299.6,309.3,1558,34.8,115,9.699999999999989,5677.737570979762,0,0,0.0002436290928457174,Low Risk
0,300.6,311.7,1556,34.9,76,11.099999999999966,5686.743469920052,0,0,0.00035245330659276216,Low Risk
1,300.9,310.9,1636,35.3,153,10.0,6047.649633964447,0,0,0.00022248368612176405,Low Risk
1,301.1,310.7,2219,16.7,79,9.599999999999966,3880.631381395768,0,0,0.0008476420923349737,Low Risk
1,295.7,306.3,1462,44.3,37,10.600000000000025,6782.342491932956,0,0,0.00035952859972547297,Low Risk
0,301.7,310.6,1471,43.8,80,8.900000000000034,6747.072878408655,0,0,0.0003852817276151531,Low Risk
1,299.7,311.1,1618,30.3,125,11.400000000000034,5133.927882643368,0,0,0.0003441291553295429,Low Risk
0,298.2,307.8,1530,35.9,68,9.600000000000025,5751.941989457552,0,0,0.0005608341494678156,Low Risk
1,301.3,311.0,1410,52.7,161,9.699999999999989,7781.410843676559,0,0,0.0002558849071970053,Low Risk
0,299.1,310.2,1496,45.0,104,11.099999999999966,7049.733914655496,0,0,0.0003332790405731773,Low Risk
0,298.2,309.1,1429,48.5,164,10.900000000000034,7257.7597082007005,0,0,0.0005727125729876076,Low Risk
0,300.5,311.3,1475,46.3,49,10.800000000000011,7151.573876509365,0,0,0.0004975051647850927,Low Risk
1,301.4,310.3,1610,29.1,166,8.900000000000034,4906.22524711118,0,0,0.02721188273806108,Low Risk
1,300.4,309.6,1614,30.3,161,9.200000000000044,5121.235848322866,0,0,0.0006165949724695307,Low Risk
2,300.7,309.6,1925,20.5,9,8.900000000000034,4132.503336409574,0,0,0.018647133424039185,Low Risk
0,298.4,309.3,1395,47.6,24,10.900000000000034,6953.601179455648,0,0,0.000617401452732204,Low Risk
0,298.0,307.6,1694,29.1,169,9.600000000000025,5162.202216525677,0,0,0.003890160143958761,Low Risk
0,297.4,308.2,1297,52.1,211,10.800000000000011,7076.301316529354,0,0,0.21432789004861127,Low Risk
1,300.1,311.4,1524,40.6,98,11.299999999999956,6479.472016175877,0,0,0.0002448280235353245,Low Risk
1,300.5,310.4,1548,37.3,65,9.899999999999975,6046.560548511203,0,0,0.0004253969214127091,Low Risk
1,301.6,310.8,1664,32.0,58,9.199999999999989,5576.117520611644,0,0,0.005303906914900779,Low Risk
0,300.3,311.5,1634,31.9,36,11.199999999999989,5458.475347710218,0,0,0.00033276866536490146,Low Risk
0,301.6,310.6,1478,36.6,218,9.0,5664.794209246971,0,0,0.044626775990228025,Low Risk
0,297.6,309.5,1617,36.2,42,11.899999999999975,6129.812753831333,0,0,0.0003621175162239903,Low Risk
1,298.7,308.5,1660,27.0,50,9.800000000000011,4693.539424463151,0,0,0.0014300680922694061,Low Risk
0,302.5,311.9,1481,42.9,52,9.399999999999975,6653.359169552072,0,0,0.0001977052522419897,Low Risk
0,301.8,310.9,1449,36.5,33,9.099999999999966,5538.470768646126,0,0,0.00043651148674436237,Low Risk
1,301.3,309.9,1501,39.5,27,8.599999999999966,6208.7819211670685,0,0,0.00040609809381454665,Low Risk
0,299.0,308.1,1242,60.9,117,9.100000000000025,7920.771893789802,0,0,0.04224452531463548,Low Risk
0,297.6,308.6,1553,40.5,135,11.0,6586.5060778836805,0,0,0.0002661241741525116,Low Risk
0,297.9,307.3,1502,36.7,12,9.400000000000034,5772.508949363053,0,0,0.0008234949032493579,Low Risk
0,301.0,311.3,1342,50.9,60,10.300000000000011,7153.176088762695,0,0,0.0009056961157047946,Low Risk
0,301.6,310.1,1687,26.6,16,8.5,4699.215235190636,0,0,0.0004840726822250503,Low Risk
0,298.6,310.1,1439,49.9,17,11.5,7519.517208097801,0,0,0.01910514987270416,Low Risk
0,303.7,312.5,1462,46.2,165,8.800000000000011,7073.233027704348,0,0,0.00028534512535267437,Low Risk
0,299.0,308.6,1648,30.8,98,9.600000000000025,5315.407218265738,0,0,0.0003699979705796507,Low Risk
1,299.3,308.7,1289,51.5,185,9.399999999999975,6951.663863985934,0,0,0.005991209959596016,Low Risk
0,300.5,309.5,1795,27.7,117,9.0,5206.823304182163,0,0,0.001485620649373581,Low Risk
0,297.4,308.5,1761,27.2,76,11.100000000000025,5015.992494427607,0,0,0.001759361609854287,Low Risk
0,301.9,310.5,1892,21.8,177,8.600000000000023,4319.229131763439,0,0,0.0005751659391330982,Low Risk
0,298.0,307.8,1386,57.3,147,9.800000000000011,8316.612568142114,0,0,0.01747936510393068,Low Risk
0,298.1,308.9,2136,15.9,78,10.799999999999956,3556.5342112759326,0,0,0.001202150404046952,Low Risk
1,298.1,308.1,1456,43.7,80,10.0,6663.024802949617,0,0,0.0002802299749218176,Low Risk
0,298.9,310.2,1705,32.5,63,11.300000000000011,5802.783430568147,0,0,0.0004837397491938577,Low Risk
0,300.5,311.7,1619,32.7,85,11.199999999999989,5543.999971716445,0,0,0.0005484655389302315,Low Risk
0,300.6,311.8,1539,37.0,187,11.199999999999989,5963.057015778787,0,0,0.0003305842908239468,Low Risk
1,302.1,311.0,1711,28.7,83,8.899999999999977,5142.336878979476,0,0,0.000991279829136088,Low Risk
0,302.1,310.5,1559,36.0,124,8.399999999999977,5877.291536335785,0,0,0.0002554640010156156,Low Risk
0,301.8,311.0,1529,41.6,12,9.199999999999989,6660.846632043128,0,0,0.00033810892711850436,Low Risk
0,302.2,311.3,1554,40.2,118,9.100000000000025,6541.926878129241,0,0,0.0003101077101095757,Low Risk
1,301.5,310.7,1347,47.9,29,9.199999999999989,6756.654736002104,0,0,0.0005322581646465837,Low Risk
0,302.1,310.1,1447,46.6,169,8.0,7061.274031669682,0,0,0.006711029852813574,Low Risk
1,299.0,310.0,1337,57.4,146,11.0,8036.591942952145,0,0,0.0036833692713631634,Low Risk
2,298.8,308.8,1445,49.9,4,10.0,7550.870302780627,0,0,0.0023931950340541934,Low Risk
0,299.4,310.4,1582,31.7,181,11.0,5251.6328873978655,0,0,0.00030899736581251595,Low Risk
1,303.1,311.1,1594,35.5,13,8.0,5925.776782956188,0,0,0.00022695380962391281,Low Risk
1,300.5,312.0,1985,19.3,143,11.5,4011.8661785117256,0,0,0.001686115324952915,Low Risk
0,300.4,311.4,1936,23.9,131,11.0,4845.424957288706,0,0,0.0031283503799172004,Low Risk
0,303.8,312.8,1503,40.0,154,9.0,6295.751677793945,0,0,0.00022988939473700984,Low Risk
1,300.5,311.9,1670,26.3,89,11.399999999999975,4599.396364610577,0,0,0.0015896299199056687,Low Risk
0,297.4,308.4,1421,46.0,124,11.0,6845.111513151681,0,0,0.0011693081020381405,Low Risk
0,302.0,310.6,1583,38.9,94,8.600000000000023,6448.506384586994,0,0,0.00025532428707885653,Low Risk
0,300.3,311.7,1579,33.6,59,11.399999999999975,5555.843776020477,0,0,0.000337602155167166,Low Risk
0,300.7,311.9,1335,57.1,194,11.199999999999989,7982.629853138986,1,1,0.45059255586648844,Medium Risk
0,300.7,309.5,1578,35.4,34,8.800000000000011,5849.771184690338,0,0,0.000331361618088532,Low Risk
0,301.3,310.9,1596,33.9,157,9.599999999999966,5665.79951889612,0,0,0.0003042182818056306,Low Risk
0,300.0,311.4,1383,49.6,101,11.399999999999975,7183.440097992278,0,0,0.000503014194135708,Low Risk
1,298.2,308.9,1414,44.3,68,10.699999999999989,6559.666404646511,0,0,0.0006260787965127783,Low Risk
0,299.1,308.2,1568,33.3,123,9.099999999999966,5467.879181719963,0,0,0.00033423906433088123,Low Risk
1,300.9,309.9,1465,42.9,209,9.0,6581.479529637937,0,0,0.033344195534048354,Low Risk
0,298.7,309.8,1530,35.5,0,11.100000000000025,5687.85349932432,0,0,0.0012235404109159043,Low Risk
1,299.9,309.2,1389,51.2,185,9.300000000000011,7447.33388089382,0,0,0.0009143789950696263,Low Risk
1,298.7,308.5,1360,52.9,69,9.800000000000011,7533.958062328803,0,0,0.0008479269965340412,Low Risk
0,298.0,308.9,1607,37.7,49,10.899999999999975,6344.331172193956,0,0,0.0002464062301019697,Low Risk
0,301.4,310.5,1647,33.3,85,9.100000000000025,5743.365441513252,0,0,0.0002849730209756301,Low Risk
2,301.5,310.7,1599,40.4,72,9.199999999999989,6764.854292827973,0,0,0.0003347164634110053,Low Risk
0,298.9,310.6,1387,52.7,2,11.700000000000044,7654.480028496018,0,0,0.0010477093076886074,Low Risk
1,303.4,311.5,1817,24.7,125,8.100000000000023,4699.812137794818,0,0,0.00029332916588262545,Low Risk
0,298.1,307.9,1614,35.8,196,9.799999999999956,6050.8331145200855,0,0,0.0003100216875912009,Low Risk
0,300.5,311.9,1546,39.4,203,11.399999999999975,6378.731611750763,0,0,0.023941011228068968,Low Risk
0,296.9,307.9,1626,29.9,177,11.0,5091.202222554547,0,0,0.0005462790813686378,Low Risk
0,300.0,309.6,1571,33.1,65,9.600000000000025,5445.437738197819,0,0,0.00029041643094091814,Low Risk
1,298.8,309.0,1592,38.2,169,10.199999999999989,6368.469075749038,0,0,0.00033799277421499513,Low Risk
0,299.7,309.3,1779,25.5,129,9.600000000000025,4750.559331125806,0,0,0.0009776584682589314,Low Risk
0,299.0,310.4,1339,49.6,94,11.399999999999975,6954.899704419133,0,0,0.0022919871448543305,Low Risk
2,301.0,312.2,1489,40.3,117,11.199999999999989,6283.886929538887,0,0,0.0005167634544323873,Low Risk
0,301.3,311.1,1504,39.1,2,9.800000000000011,6158.191807468761,0,0,0.0002385875782346957,Low Risk
0,299.7,309.1,1715,27.8,192,9.400000000000034,4992.72376484002,0,0,0.0013369622208562627,Low Risk
2,303.3,311.8,1806,27.7,44,8.5,5238.731413567123,0,0,0.0005698823559692718,Low Risk
1,299.9,309.8,1625,41.2,109,9.900000000000034,7010.987605261223,0,0,0.0006629418997328182,Low Risk
1,300.1,309.7,1348,57.3,48,9.599999999999966,8088.595773344568,0,0,0.002163098034289342,Low Risk
0,299.4,309.3,1377,43.6,28,9.900000000000034,6287.080882070038,0,0,0.0005323456815058249,Low Risk
0,297.4,308.3,1395,48.7,21,10.900000000000034,7114.293643686766,0,0,0.0006044432930261018,Low Risk
0,297.9,307.6,1298,52.7,132,9.700000000000044,7163.312961058279,0,0,0.0005635055971969044,Low Risk
1,302.2,310.6,1355,51.5,126,8.400000000000034,7307.606311637659,1,1,0.93869915039137,High Risk
1,301.7,310.7,1627,31.3,78,9.0,5332.864001444186,0,0,0.0003350443674807572,Low Risk
1,298.9,309.6,1472,46.0,199,10.700000000000044,7090.784058662402,0,0,0.0012122004569997068,Low Risk
1,301.2,310.7,1426,46.1,67,9.5,6884.130093909265,0,0,0.0004378191936356283,Low Risk
0,300.7,310.0,1672,29.7,176,9.300000000000011,5200.215487634114,0,0,0.0009154503047934351,Low Risk
0,304.1,313.5,1469,44.6,113,9.399999999999975,6860.966084076797,0,0,0.0002092607565669587,Low Risk
0,300.5,311.4,1611,32.7,44,10.899999999999975,5516.605283777141,0,0,0.0004750346953443928,Low Risk
1,301.5,310.6,1382,58.1,67,9.100000000000025,8408.388961528985,0,0,0.010217870347263515,Low Risk
0,302.7,310.6,1686,26.3,9,7.900000000000034,4643.46243756493,0,0,0.00047884872956691966,Low Risk
1,301.0,311.6,1301,55.0,9,10.600000000000025,7493.222077587256,0,0,0.00046214863929188983,Low Risk
1,300.9,310.7,1362,51.6,212,9.800000000000011,7359.620614005592,0,0,0.13726171545035842,Low Risk
0,301.4,310.8,1477,50.4,90,9.400000000000034,7795.422346911568,0,0,0.00021296807588028349,Low Risk
0,302.1,311.2,1454,46.8,0,9.099999999999966,7125.886120578512,0,0,0.0007204409915043448,Low Risk
1,301.1,311.1,1384,42.5,185,10.0,6159.615996138387,0,0,0.0005288220783674889,Low Risk
1,304.2,313.7,2113,18.4,139,9.5,4071.420303248276,0,0,0.07717787389974404,Low Risk
1,298.4,309.4,1666,24.3,68,11.0,4239.453622313283,0,0,0.0028721729568604824,Low Risk
1,301.8,310.9,1358,52.3,56,9.099999999999966,7437.553055765644,0,0,0.03151144860037722,Low Risk
2,299.1,309.4,1811,24.6,77,10.299999999999956,4665.327922433915,0,0,0.0009404866547654521,Low Risk
0,301.0,311.4,1481,37.5,193,10.399999999999975,5815.8733999581045,0,0,0.0004326025150155052,Low Risk
1,301.8,309.9,1334,61.0,182,8.099999999999966,8521.465353107194,1,1,0.9244246031746032,High Risk
0,299.1,308.5,1689,32.1,192,9.399999999999975,5677.580491347082,0,0,0.0004818475732777764,Low Risk
1,304.3,313.5,1416,48.1,167,9.199999999999989,7132.42063329798,0,0,0.001928438060735915,Low Risk
0,300.2,311.7,1448,54.2,173,11.5,8218.573933399091,0,0,0.008305998774585212,Low Risk
0,295.6,306.0,1363,50.0,14,10.399999999999975,7136.651311404813,0,0,0.015603362843145676,Low Risk
2,297.7,308.2,1489,43.0,151,10.5,6704.891761046456,0,0,0.0004560086780940985,Low Risk
1,302.4,311.4,1534,40.1,41,9.0,6441.668184577679,0,0,0.00019336421691971617,Low Risk
0,298.5,309.6,1419,41.5,105,11.100000000000025,6166.789299364084,0,0,0.0007178701921700492,Low Risk
0,302.0,310.0,1449,48.8,181,8.0,7404.859548217287,0,0,0.01695141446819819,Low Risk
0,298.5,309.3,1590,33.9,107,10.800000000000011,5644.4995207047805,0,0,0.00028594293092504145,Low Risk
1,297.5,308.1,1334,72.0,151,10.600000000000025,10058.123039733082,1,1,1.0,High Risk
0,300.2,309.7,1448,36.8,14,9.5,5580.138759208238,0,0,0.0004257168911516121,Low Risk
1,298.3,309.1,1296,58.7,201,10.800000000000011,7966.576314679141,0,0,0.23360594300429058,Low Risk
0,298.4,308.1,1598,32.7,94,9.700000000000044,5472.088915875774,0,0,0.0002794737555317483,Low Risk
0,299.3,308.5,1510,45.4,72,9.199999999999989,7178.958092473155,0,0,0.00033946523285879974,Low Risk
0,300.1,310.1,1306,64.7,57,10.0,8848.630812052035,0,0,0.0875562294135962,Low Risk
1,302.7,311.7,1784,25.1,177,9.0,4689.183082650174,0,0,0.0012370725748231067,Low Risk
0,299.3,308.9,1258,69.4,119,9.599999999999966,9142.57916467292,1,1,0.985,High Risk
0,298.0,307.7,1422,45.6,140,9.699999999999989,6790.364025175122,0,0,0.0006470282553369734,Low Risk
1,299.2,308.9,1447,39.6,22,9.699999999999989,6000.567632062648,0,0,0.00027547783710513656,Low Risk
0,298.8,309.1,1368,50.8,115,10.300000000000011,7277.436550187683,0,0,0.0009092400621766443,Low Risk
0,303.8,312.6,1735,25.9,154,8.800000000000011,4705.739275934591,0,0,0.0008760083605205559,Low Risk
0,300.1,311.3,1547,40.0,201,11.199999999999989,6480.058446804546,0,0,0.0046840744356680146,Low Risk
1,300.5,309.8,1555,38.9,166,9.300000000000011,6334.445627310659,0,0,0.0009293560043346955,Low Risk
0,302.3,311.5,1387,47.3,2,9.199999999999989,6870.15000660079,0,0,0.0008686536941845798,Low Risk
0,303.0,311.3,1466,43.0,210,8.300000000000011,6601.3239232331125,0,0,0.060093150127260186,Low Risk
2,300.6,310.6,1419,39.6,3,10.0,5884.4543675859695,0,0,0.0011771632269397792,Low Risk
0,302.0,311.0,1686,32.5,25,9.0,5738.118981781758,0,0,0.00046170163949222395,Low Risk
1,301.9,310.9,1421,46.2,26,9.0,6874.872867556688,0,0,0.0008187143549512042,Low Risk
1,297.5,308.6,1486,45.9,78,11.100000000000025,7142.662225348681,0,0,0.0004834412178089781,Low Risk
0,300.1,311.3,1305,64.7,66,11.199999999999989,8841.855443895793,0,0,0.09283400719137397,Low Risk
0,297.4,308.2,1533,37.4,115,10.800000000000011,6004.023383981596,0,0,0.00024706057849639826,Low Risk
0,297.9,307.7,1353,50.7,13,9.800000000000011,7183.471513918813,0,0,0.0005592992579529314,Low Risk
0,297.8,308.8,1579,32.9,70,11.0,5440.097030686717,0,0,0.00029985067810007457,Low Risk
1,298.3,309.2,1359,51.4,21,10.899999999999975,7314.947166471546,0,0,0.0006036430498161315,Low Risk
0,302.4,310.2,1503,36.2,166,7.800000000000011,5697.6552684035205,0,0,0.0003647849270133284,Low Risk
0,301.3,310.8,1432,54.4,51,9.5,8157.752699625591,0,0,0.0005300141287895957,Low Risk
0,302.5,311.4,1674,27.0,223,8.899999999999977,4733.123491898382,0,0,0.09526329689836947,Low Risk
2,296.6,307.7,1386,62.3,100,11.099999999999966,9042.320471121357,1,1,0.9365720081135902,High Risk
1,300.6,309.8,1694,31.1,187,9.199999999999989,5516.992746871084,0,0,0.006149624422103256,Low Risk
0,302.4,311.8,1727,26.5,213,9.400000000000034,4792.551952928789,0,0,0.038592820199605624,Low Risk
0,299.0,308.6,1653,31.7,100,9.600000000000025,5487.325640245684,0,0,0.00030870833873844944,Low Risk
0,302.0,309.9,1308,57.6,197,7.899999999999977,7889.670126519263,1,1,0.9262395260520261,High Risk
2,298.3,309.4,1631,29.8,0,11.099999999999966,5089.778033884919,0,0,0.002088619155480179,Low Risk
0,300.8,310.6,1416,42.2,225,9.800000000000011,6257.549911126294,0,0,0.07811481382303534,Low Risk
0,301.5,310.7,1466,47.3,77,9.199999999999989,7261.456315556423,0,0,0.00026056191263841447,Low Risk
0,301.6,310.6,2103,19.7,12,9.0,4338.445206827897,0,0,0.0009053615396352847,Low Risk
0,302.2,311.1,1418,47.0,61,8.900000000000034,6979.152799704846,0,0,0.0005585779142720038,Low Risk
1,296.7,307.5,1515,42.1,55,10.800000000000011,6679.18306116458,0,0,0.00033372263119583865,Low Risk
1,301.8,310.8,1508,38.8,96,9.0,6127.19475995334,0,0,0.0003095217175495351,Low Risk
1,300.1,309.7,1420,48.4,36,9.599999999999966,7197.179329863976,0,0,0.0004906530724531038,Low Risk
0,301.5,310.6,1525,41.9,204,9.100000000000025,6691.330552758461,0,0,0.017035190383767926,Low Risk
0,300.0,310.0,1486,41.8,69,10.0,6504.646645306642,0,0,0.0002109808688006811,Low Risk
1,303.7,312.4,1546,33.7,149,8.699999999999989,5455.920185685298,0,0,0.0002240125392961703,Low Risk
2,300.0,311.4,1641,34.5,155,11.399999999999975,5928.656576221978,0,0,0.0005558583464040031,Low Risk
1,297.7,308.9,1573,35.1,9,11.199999999999989,5781.818535593192,0,0,0.00038018827552372005,Low Risk
1,298.6,309.2,1742,30.0,37,10.599999999999966,5472.65440255342,0,0,0.0005522534063112676,Low Risk
1,301.3,310.8,1494,35.3,54,9.5,5522.731389451641,0,0,0.00022997159742278736,Low Risk
0,301.9,310.4,1884,23.4,163,8.5,4616.6332363032725,0,0,0.0005111111581426217,Low Risk
0,298.4,310.1,1455,42.2,94,11.700000000000044,6429.8976841022295,0,0,0.0004458970056041575,Low Risk
0,299.0,310.4,1483,41.5,96,11.399999999999975,6444.9249689619,0,0,0.0003106346749643851,Low Risk
2,300.7,312.2,1335,49.0,62,11.5,6850.242781152544,0,0,0.0013463515642632142,Low Risk
0,300.4,311.2,1530,32.0,169,10.800000000000011,5127.079210658542,0,0,0.0006914810810623738,Low Risk
0,300.4,310.0,1581,30.3,42,9.600000000000025,5016.526565178718,0,0,0.0015248785224284205,Low Risk
2,300.5,310.6,1411,47.2,201,10.100000000000025,6974.251915165245,0,0,0.005710414663580355,Low Risk
0,297.8,307.5,1372,54.1,157,9.699999999999989,7772.844767707771,0,0,0.008401498392359062,Low Risk
0,300.8,310.8,1689,32.9,151,10.0,5819.077824464765,0,0,0.00036731935651960964,Low Risk
0,303.4,311.9,1531,37.9,203,8.5,6076.353318842746,0,0,0.02191256224422842,Low Risk
0,301.3,310.3,1626,31.3,180,9.0,5329.58627310894,0,0,0.00030828361168385723,Low Risk
0,300.8,310.7,1525,39.4,175,9.899999999999975,6292.086486364758,0,0,0.00024295112321136964,Low Risk
0,299.3,308.6,1474,49.6,191,9.300000000000011,7656.103184700375,0,0,0.0005798647174799798,Low Risk
0,298.5,308.8,1332,59.1,115,10.300000000000011,8243.66478672576,0,0,0.01807390297424946,Low Risk
1,297.9,307.7,1364,46.8,89,9.800000000000011,6684.806512014504,0,0,0.00040118274402179376,Low Risk
1,302.3,311.4,1345,47.6,67,9.099999999999966,6704.368162270857,0,0,0.002798250109317391,Low Risk
0,297.5,308.6,1552,44.9,77,11.100000000000025,7297.375191562466,0,0,0.0003719636315029667,Low Risk
1,301.8,310.7,1429,47.9,53,8.899999999999977,7167.972990161104,0,0,0.0005177835532453071,Low Risk
0,300.8,310.7,1633,27.8,0,9.899999999999975,4754.004611069243,0,0,0.0023232767146486267,Low Risk
0,301.4,311.1,1469,36.9,133,9.700000000000044,5676.449517991789,0,0,0.00029984107578780774,Low Risk
0,301.1,312.3,1464,35.3,65,11.199999999999989,5411.83316877992,0,0,0.00036281047855655834,Low Risk
1,303.5,312.9,1883,23.3,100,9.399999999999975,4594.464064144441,0,0,0.0009180968093715914,Low Risk
0,297.4,308.2,1471,46.5,25,10.800000000000011,7162.988329817408,0,0,0.0003222443421235073,Low Risk
0,298.0,308.8,1581,36.1,73,10.800000000000011,5976.785775674975,0,0,0.0002655662199210751,Low Risk
0,301.8,310.5,1593,34.9,139,8.699999999999989,5821.968089706068,0,0,0.00038006532880114756,Low Risk
0,301.5,310.7,1408,47.3,79,9.199999999999989,6974.168139361148,0,0,0.00043599109600078593,Low Risk
0,300.3,311.6,1374,47.4,197,11.300000000000011,6820.146323531154,0,0,0.018613914439877075,Low Risk
0,302.6,312.1,1473,37.3,184,9.5,5753.607033563954,0,0,0.0004284767427100036,Low Risk
0,303.7,312.8,1437,51.3,42,9.100000000000025,7719.741379886591,0,0,0.0016226425349156685,Low Risk
0,298.9,308.7,1546,43.4,114,9.800000000000011,7026.318577410739,0,0,0.00023095838442750336,Low Risk
0,301.5,310.6,1394,46.5,206,9.100000000000025,6788.039246611466,0,0,0.10862477165744006,Low Risk
0,299.3,310.7,1495,39.2,144,11.399999999999975,6136.996529032541,0,0,0.0003183557175835371,Low Risk
0,298.4,308.9,1706,29.5,107,10.5,5270.231115907117,0,0,0.002129038324439023,Low Risk
0,298.9,310.1,1602,38.2,58,11.200000000000044,6408.472022204748,0,0,0.0002743195034036117,Low Risk
2,299.6,310.1,1531,36.8,62,10.5,5899.994779245727,0,0,0.0002969430696507246,Low Risk
2,302.3,310.2,1443,54.6,120,7.899999999999977,8250.639122416731,0,0,0.018137687937847025,Low Risk
1,297.9,307.6,1609,30.3,64,9.700000000000044,5105.370805422236,0,0,0.0005105244593686914,Low Risk
2,302.0,309.9,1447,42.8,185,7.899999999999977,6485.461986168721,0,0,0.01136776129564991,Low Risk
0,301.5,310.5,1589,36.7,118,9.0,6106.868655484616,0,0,0.0002496066963324974,Low Risk
1,301.8,310.3,1465,46.5,60,8.5,7133.771518139023,0,0,0.005912677861199445,Low Risk
0,300.4,311.7,1314,59.5,160,11.300000000000011,8187.304614520361,0,0,0.030911284295870835,Low Risk
0,301.5,310.8,1413,44.6,166,9.300000000000011,6599.418023689935,0,0,0.0005584632429155069,Low Risk
0,299.6,309.0,1472,48.8,72,9.399999999999975,7522.397001363591,0,0,0.00031563896231539006,Low Risk
0,297.3,308.4,1441,43.4,14,11.099999999999966,6549.110653330451,0,0,0.0014188247968074047,Low Risk
0,297.8,308.4,2129,19.2,148,10.599999999999966,4280.608486075309,0,0,0.0013800825104227632,Low Risk
0,298.3,309.7,1484,44.3,173,11.399999999999975,6884.402365272576,0,0,0.00045941071893871726,Low Risk
0,297.4,308.5,1643,33.8,132,11.100000000000025,5815.444048962113,0,0,0.00039579553948987134,Low Risk
0,301.0,309.9,1507,41.8,19,8.899999999999977,6596.569646350681,0,0,0.0006055809531156369,Low Risk
1,297.2,308.0,1765,31.1,191,10.800000000000011,5748.224438150804,0,0,0.000615608323316199,Low Risk
2,301.9,310.8,1455,42.7,85,8.900000000000034,6506.081305951782,0,0,0.0004186522586284481,Low Risk
1,303.5,312.0,1475,42.9,85,8.5,6626.404304584271,0,0,0.005240252297010587,Low Risk
1,299.3,308.4,1542,37.5,203,9.099999999999966,6055.419839794326,1,0,0.015532497615444917,Low Risk
0,297.2,308.1,1662,31.3,0,10.900000000000034,5447.584493177773,0,0,0.00030200651175464973,Low Risk
2,298.5,309.4,1671,31.8,108,10.899999999999975,5564.577403597457,0,0,0.0004811414449048066,Low Risk
1,300.3,311.7,1723,28.3,193,11.399999999999975,5106.2295074142185,0,0,0.0011141793627863791,Low Risk
0,299.8,309.6,1374,51.6,137,9.800000000000011,7424.463086375687,0,0,0.0005826829371767501,Low Risk
1,299.6,309.1,1435,48.4,143,9.5,7273.20587208085,0,0,0.00047168712290874334,Low Risk
0,304.1,313.0,1566,37.2,7,8.899999999999977,6100.470278446804,0,0,0.0002238838301861221,Low Risk
1,298.9,309.8,1836,22.8,18,10.900000000000034,4383.652725113054,0,0,0.0023349553209747187,Low Risk
1,300.8,310.9,1678,28.1,63,10.099999999999966,4937.724949451173,0,0,0.0014209802693604422,Low Risk
1,300.5,311.9,1875,22.1,100,11.399999999999975,4339.324852770902,0,0,0.0028941053800085725,Low Risk
0,303.0,311.2,1383,44.6,198,8.199999999999989,6459.30299133983,0,0,0.112441052801214,Low Risk
1,300.0,309.6,1423,48.7,67,9.600000000000025,7257.089501767935,0,0,0.00047335378957541,Low Risk
1,298.1,308.8,1811,25.4,147,10.699999999999989,4817.0459036512775,0,0,0.001125830200831741,Low Risk
1,301.5,310.6,1573,37.4,37,9.100000000000025,6160.684137640608,0,0,0.0002406104839504737,Low Risk
1,301.4,310.5,1451,45.3,183,9.100000000000025,6883.260919941772,0,0,0.0003425708196194253,Low Risk
0,303.1,312.8,1465,44.1,109,9.699999999999989,6765.576859138299,0,0,0.00022853654744627857,Low Risk
0,298.2,308.1,1462,49.9,69,9.900000000000034,7639.704071048635,0,0,0.0006984462273446004,Low Risk
1,300.4,311.8,1707,30.0,165,11.400000000000034,5362.698659677777,0,0,0.0012609431958543115,Low Risk
1,297.8,309.7,1700,31.3,200,11.899999999999975,5572.138169917096,0,0,0.01746795630403701,Low Risk
0,298.1,307.8,1565,35.3,119,9.699999999999989,5785.190511708043,0,0,0.00030765682607779824,Low Risk
0,298.3,309.1,1417,60.5,143,10.800000000000011,8977.467526775752,0,0,0.3258643817212316,Medium Risk
0,297.2,308.7,1463,49.9,146,11.5,7644.929586829107,0,0,0.0008250296906897639,Low Risk
0,298.3,307.9,1766,26.5,145,9.599999999999966,4900.779819844957,0,0,0.00447491663211652,Low Risk
0,302.1,311.3,1758,24.4,200,9.199999999999989,4491.9748398088295,0,0,0.006190504564265345,Low Risk
0,303.1,311.2,1435,40.1,219,8.099999999999966,6025.941228728143,0,0,0.17009220549361367,Low Risk
0,297.9,309.0,1379,47.3,28,11.100000000000025,6830.524051263512,0,0,0.002299367688988031,Low Risk
1,296.8,307.9,1409,44.3,145,11.099999999999966,6536.470978887507,0,0,0.0007913725602352978,Low Risk
0,298.4,308.6,1477,44.0,124,10.200000000000044,6805.527445716449,0,0,0.0002963446756468764,Low Risk
1,299.3,309.1,1571,38.3,59,9.800000000000011,6300.914361721343,0,0,0.0001929926053086993,Low Risk
1,297.0,308.0,1408,47.9,54,11.0,7062.6353884862365,0,0,0.0006621020877760338,Low Risk
0,302.2,310.9,1506,34.0,49,8.699999999999989,5362.07034114706,0,0,0.00035090756293793446,Low Risk
0,302.1,310.7,1465,40.7,13,8.599999999999966,6243.967758887274,0,0,0.0002773174290308513,Low Risk
0,299.9,310.4,1497,47.0,150,10.5,7367.977250464141,0,0,0.0002802661016493399,Low Risk
1,300.1,309.2,1454,44.4,19,9.099999999999966,6760.456063112948,0,0,0.00037610435541969535,Low Risk
0,298.3,308.6,1499,38.3,142,10.300000000000011,6012.13916500337,0,0,0.0002703513063844798,Low Risk
1,300.8,310.2,1598,36.5,195,9.399999999999975,6107.989156864394,0,0,0.00022196174516306475,Low Risk
1,298.8,310.1,1585,31.3,147,11.300000000000011,5195.199411363881,0,0,0.0005549747886442065,Low Risk
1,298.3,308.4,1444,47.5,178,10.099999999999966,7182.728003657462,0,0,0.00037350115214459064,Low Risk
0,298.7,310.1,1558,37.6,44,11.400000000000034,6134.567030713766,0,0,0.0004155347282098645,Low Risk
0,302.1,311.2,1422,50.3,146,9.099999999999966,7490.248036541856,0,0,0.0005018547149307644,Low Risk
0,299.8,309.7,1707,29.1,94,9.899999999999975,5201.817699887444,0,0,0.006246654071451754,Low Risk
0,300.0,311.5,1455,41.7,130,11.5,6353.714062252678,0,0,0.0003076828747196459,Low Risk
2,300.2,309.3,1506,35.6,63,9.100000000000025,5614.403063083391,0,0,0.0003929544176586231,Low Risk
2,298.2,307.6,1460,48.6,204,9.400000000000034,7430.494944270579,0,0,0.05709657015776947,Low Risk
1,302.2,310.6,1346,49.2,134,8.400000000000034,6934.877287240253,1,1,0.9623857958084918,High Risk
0,301.7,310.1,1424,50.2,54,8.400000000000034,7485.870750777856,0,0,0.003594759202453587,Low Risk
0,297.1,308.0,1467,42.8,169,10.899999999999975,6575.10209655115,0,0,0.0003275123794451905,Low Risk
0,302.7,312.2,1450,52.1,213,9.5,7911.0539005146975,1,1,0.510593252178959,Medium Risk
2,301.4,310.6,1674,33.6,49,9.200000000000044,5890.109234362431,0,0,0.000399843388533899,Low Risk
1,297.4,308.2,1536,34.6,4,10.800000000000011,5565.394217687391,0,0,0.00030447438879642984,Low Risk
0,298.7,308.5,1616,30.2,34,9.800000000000011,5110.659153055779,0,0,0.00036203722256026303,Low Risk
1,297.6,308.8,1357,49.7,104,11.199999999999989,7062.603972559702,0,0,0.00046946535122734204,Low Risk
2,298.4,308.1,1891,24.7,158,9.700000000000044,4891.218906202533,0,0,0.0036532796347483487,Low Risk
1,301.0,312.2,1499,41.5,140,11.199999999999989,6514.458886361354,0,0,0.000245888580972697,Low Risk
0,298.1,307.7,1414,48.7,159,9.599999999999966,7211.190833098987,0,0,0.0006129432005640045,Low Risk
0,298.4,309.5,1397,50.3,110,11.100000000000025,7358.562944478884,0,0,0.0006950440014038397,Low Risk
0,298.0,308.2,1514,37.9,9,10.199999999999989,6008.8823806191485,0,0,0.00027854759114519424,Low Risk
0,298.8,309.9,1629,31.9,49,11.099999999999966,5441.772546768631,0,0,0.0019072136669746023,Low Risk
0,300.6,309.4,1471,44.1,244,8.799999999999955,6793.285706342961,0,0,0.094611323117286,Low Risk
1,297.4,308.7,1382,49.9,151,11.300000000000011,7221.662808610953,0,0,0.0008969238880093986,Low Risk
0,297.5,308.9,1738,24.0,195,11.399999999999975,4368.070425551248,0,0,0.004230876439704264,Low Risk
1,300.4,309.6,1563,34.0,6,9.200000000000044,5565.01722656896,0,0,0.0005657103045607904,Low Risk
0,300.4,309.3,1766,28.2,207,8.900000000000034,5215.1694686652,0,0,0.03026048355872405,Low Risk
1,298.3,307.9,1609,32.4,151,9.599999999999966,5459.208385996054,0,0,0.0005505549146779263,Low Risk
0,299.9,311.3,1535,38.1,160,11.400000000000034,6124.377798540622,0,0,0.00033591525366997435,Low Risk
0,300.3,309.9,1621,34.1,36,9.599999999999966,5788.499655969826,0,0,0.0005875571045258455,Low Risk
1,300.3,311.4,1554,34.3,99,11.099999999999966,5581.793331339128,0,0,0.0003304225868283215,Low Risk
0,298.7,309.9,1464,38.0,74,11.199999999999989,5825.769416816912,0,0,0.0006889993421057006,Low Risk
0,303.2,312.5,1518,39.9,146,9.300000000000011,6342.687072038578,0,0,0.0004591314012535337,Low Risk
0,297.9,307.9,1476,45.2,91,10.0,6986.399406759126,0,0,0.0003373736088739412,Low Risk
0,298.0,309.2,1527,32.4,99,11.199999999999989,5180.988940594142,0,0,0.0003825038271681037,Low Risk
0,298.6,309.7,1627,33.4,99,11.099999999999966,5690.659988761528,0,0,0.00046844278486537843,Low Risk
0,298.2,308.8,1345,44.3,37,10.600000000000025,6239.569529172247,0,0,0.0005407569870386447,Low Risk
1,297.8,309.1,1432,42.6,17,11.300000000000011,6388.240165515629,0,0,0.0006797931312299451,Low Risk
0,296.7,307.7,1927,23.9,112,11.0,4822.899737962466,0,0,0.003492953615416607,Low Risk
0,302.7,312.4,1954,24.8,13,9.699999999999989,5074.635557294617,0,0,0.0008968370303938651,Low Risk
0,303.1,312.9,1511,40.1,107,9.799999999999956,6345.085154430817,0,0,0.00019672080544099995,Low Risk
1,301.5,310.8,1628,36.4,167,9.300000000000011,6205.608912586943,0,0,0.0004330598173314475,Low Risk
1,300.4,311.3,1350,56.5,31,10.900000000000034,7987.49932175205,0,0,0.0014681845423408007,Low Risk
0,300.4,311.6,1815,23.5,49,11.200000000000044,4466.559355241288,0,0,0.00200549456390317,Low Risk
0,299.3,308.5,1413,38.5,57,9.199999999999989,5696.807038387051,0,0,0.0007739515538069822,Low Risk
0,299.3,309.1,1795,24.7,187,9.800000000000011,4642.907422862795,0,0,0.001389357429078113,Low Risk
0,302.8,310.6,2016,19.9,199,7.800000000000011,4201.189023792558,0,0,0.006829055351317476,Low Risk
0,301.5,310.8,1417,49.7,5,9.300000000000011,7374.878282326528,0,0,0.0004067837798488443,Low Risk
1,303.7,313.0,1469,39.9,137,9.300000000000011,6137.94947880413,0,0,0.0001966587088391467,Low Risk
0,299.8,311.3,1560,35.4,178,11.5,5783.043756728091,0,0,0.00035811860377500605,Low Risk
0,300.4,310.8,1390,52.5,144,10.400000000000034,7641.9241298571715,0,0,0.00035187612009400244,Low Risk
0,299.7,309.3,1434,38.5,127,9.600000000000025,5781.472960401296,0,0,0.0006471919903961718,Low Risk
1,302.1,311.5,1866,23.1,159,9.399999999999975,4513.903156530887,0,0,0.0058160707471602005,Low Risk
1,299.0,310.3,1540,38.1,182,11.300000000000011,6144.3269118909175,0,0,0.0002623647126722761,Low Risk
0,300.5,311.4,1556,45.3,58,10.899999999999975,7381.360435168434,0,0,0.0004644845830963971,Low Risk
0,302.3,311.4,1434,40.3,133,9.099999999999966,6051.775592316161,0,0,0.0005425119668437866,Low Risk
1,300.4,310.2,1380,47.3,5,9.800000000000011,6835.477295680673,0,0,0.00030587714192643466,Low Risk
0,303.4,312.6,1462,37.5,118,9.200000000000044,5741.260574435348,0,0,0.0004170323749624246,Low Risk
0,301.8,310.6,1403,46.8,151,8.800000000000011,6875.941009058907,0,0,0.0005938664972003589,Low Risk
1,300.0,310.2,1443,58.7,68,10.199999999999989,8870.192609631174,0,0,0.04113195089877292,Low Risk
0,300.7,310.2,1348,54.8,50,9.5,7735.690198591315,0,0,0.001784948241028294,Low Risk
0,302.6,312.1,1344,51.0,206,9.5,7177.910894921959,0,0,0.19105230806729448,Low Risk
0,302.5,311.9,1306,59.7,172,9.399999999999975,8164.8108111206575,0,0,0.039830262421937275,Low Risk
0,298.3,308.6,1548,40.3,140,10.300000000000011,6532.879091286903,0,0,0.0002445273691452155,Low Risk
0,297.2,308.0,1705,26.0,200,10.800000000000011,4642.226744454518,0,0,0.07526065307311565,Low Risk
0,297.2,308.3,1419,39.7,115,11.100000000000025,5899.31410083745,0,0,0.0007984210519024134,Low Risk
0,297.5,308.1,1631,30.6,146,10.600000000000025,5226.416370365051,0,0,0.00036809650977123764,Low Risk
0,298.4,308.6,1569,34.4,160,10.200000000000044,5652.102174926468,0,0,0.00029927311028491935,Low Risk
2,298.1,308.0,1570,35.3,159,9.899999999999975,5803.673548486664,0,0,0.000404808965815957,Low Risk
0,297.2,308.1,1431,49.7,210,10.900000000000034,7447.742287938788,1,0,0.06790031352553723,Low Risk
0,297.5,308.7,1407,42.5,145,11.199999999999989,6261.979556767855,0,0,0.0010148030394117383,Low Risk
1,301.9,310.7,1511,37.6,70,8.800000000000011,5949.506279466303,0,0,0.00044424552522573645,Low Risk
0,299.1,310.5,1437,43.1,40,11.399999999999975,6485.7866174095925,0,0,0.0013021278030130728,Low Risk
0,296.5,307.6,1415,44.2,106,11.100000000000025,6549.487644448882,0,0,0.0007528540841963706,Low Risk
2,301.8,309.9,1418,51.3,116,8.099999999999966,7617.671034571459,0,0,0.016265925605750103,Low Risk
0,299.9,309.5,1349,51.3,176,9.600000000000025,7246.994517374398,0,0,0.00038176053973119255,Low Risk
0,298.6,309.8,1561,32.6,201,11.199999999999989,5329.041730382319,0,0,0.011508656311099454,Low Risk
1,295.6,306.1,1462,49.2,158,10.5,7532.533873659177,0,0,0.00034058914057673263,Low Risk
0,298.1,308.0,1697,31.0,164,9.899999999999975,5508.992157579943,0,0,0.0005713259462719532,Low Risk
0,300.9,310.8,1708,29.1,14,9.900000000000034,5204.865044761426,0,0,0.005693177715621755,Low Risk
1,301.1,310.7,1621,31.0,108,9.599999999999966,5262.272414518024,0,0,0.0002578029223183437,Low Risk
0,303.4,311.9,1377,41.6,34,8.5,5998.682676470495,1,1,0.751320647489765,High Risk
0,303.1,311.2,1399,49.2,111,8.099999999999966,7207.944520690279,0,0,0.011467567234097309,Low Risk
1,299.0,308.4,1535,47.5,163,9.399999999999975,7635.379145162192,0,0,0.00027072082705626094,Low Risk
0,296.6,307.5,1485,42.7,204,10.899999999999975,6640.227312260067,0,0,0.027519146452662627,Low Risk
0,303.5,312.8,1607,38.4,92,9.300000000000011,6462.1304247280605,0,0,0.00021085412085213454,Low Risk
1,298.2,309.0,1446,45.8,80,10.800000000000011,6935.254278358683,0,0,0.0003384532376896702,Low Risk
0,298.2,307.8,2029,19.9,96,9.600000000000025,4228.280024442014,0,0,0.0012580929921608343,Low Risk
2,298.5,309.2,1568,40.6,39,10.699999999999989,6666.543386721636,0,0,0.01555374858180218,Low Risk
2,297.0,308.1,1517,41.4,222,11.100000000000025,6576.798556584088,0,0,0.034361764143948384,Low Risk
0,300.4,311.0,1802,26.0,197,10.600000000000025,4906.329966866299,0,0,0.001205831859433854,Low Risk
1,304.2,313.5,1739,28.1,80,9.300000000000011,5117.225081701782,0,0,0.0006975570258868534,Low Risk
0,297.5,308.9,1729,28.1,189,11.399999999999975,5087.798830513159,0,0,0.0014591792634046504,Low Risk
1,297.1,308.4,1615,32.6,184,11.299999999999956,5513.390387294968,0,0,0.000387561454459601,Low Risk
0,300.7,312.3,1418,49.0,69,11.600000000000025,7276.138025224201,0,0,0.0004972564449816696,Low Risk
0,298.7,308.5,1467,40.7,106,9.800000000000011,6252.491946954015,0,0,0.0002698975466427995,Low Risk
0,297.1,308.4,1726,28.4,202,11.299999999999956,5133.19484435753,0,0,0.01884100077596262,Low Risk
0,301.6,309.9,1440,43.4,100,8.299999999999955,6544.565815958257,0,0,0.005358126600289325,Low Risk
2,297.0,307.7,1834,23.8,195,10.699999999999989,4570.933535169053,0,0,0.0013423893698637185,Low Risk
1,302.3,311.6,1668,33.2,52,9.300000000000011,5799.128711114471,0,0,0.0002881157561864949,Low Risk
1,300.6,309.5,1550,40.2,96,8.899999999999977,6525.087941506001,0,0,0.0002657261419737296,Low Risk
0,298.4,308.2,1528,36.2,196,9.800000000000011,5792.426646786813,0,0,0.0003069605813684871,Low Risk
0,300.3,311.7,1545,43.5,160,11.399999999999975,7037.952942204535,0,0,0.0003216411563046919,Low Risk
0,301.3,310.8,1450,46.9,59,9.5,7121.466946912463,0,0,0.00031021134975835386,Low Risk
0,300.7,310.4,1543,47.3,203,9.699999999999989,7642.856135677735,0,0,0.034057682426142696,Low Risk
1,300.8,310.9,1557,31.6,52,10.099999999999966,5152.337615593405,0,0,0.0002566813891834658,Low Risk
0,303.8,312.9,1589,37.2,203,9.099999999999966,6190.068500927186,0,0,0.03682381011211921,Low Risk
0,303.0,312.3,1533,38.5,134,9.300000000000011,6180.612307039879,0,0,0.00021085412085213454,Low Risk
1,300.2,309.4,1501,40.0,48,9.199999999999989,6287.374097384373,0,0,0.00031145853873716466,Low Risk
0,299.0,310.0,1672,33.2,144,11.0,5813.035494594363,0,0,0.00032284094269297876,Low Risk
0,298.0,308.3,1662,32.7,0,10.300000000000011,5691.246419390198,0,0,0.000295600081821597,Low Risk
1,302.4,311.9,1313,55.7,102,9.5,7658.58504289671,0,0,0.010276212028912745,Low Risk
1,297.4,308.4,1789,25.0,210,11.0,4683.591047726784,0,0,0.022468927631314542,Low Risk
0,299.8,309.4,1436,51.6,158,9.599999999999966,7759.482526954502,0,0,0.0004303202250471894,Low Risk
2,300.2,311.4,1506,36.1,141,11.199999999999989,5693.257038688495,0,0,0.0005601911303988516,Low Risk
1,300.4,309.7,1466,39.8,184,9.300000000000011,6110.062608015764,0,0,0.0008210754699604728,Low Risk
1,298.1,307.4,1335,56.2,190,9.299999999999956,7856.809067362715,0,0,0.05488433634636078,Low Risk
1,300.7,310.5,1863,22.2,111,9.800000000000011,4331.0624640919605,0,0,0.0007627702894081799,Low Risk
0,298.8,308.6,1730,25.9,59,9.800000000000011,4692.178067646595,0,0,0.0009471645490556556,Low Risk
0,299.2,309.0,1951,21.4,102,9.800000000000011,4372.196383902963,0,0,0.001136679196575626,Low Risk
0,295.6,306.1,1383,48.7,147,10.5,7053.095418794837,0,0,0.000872627019928463,Low Risk
0,300.7,311.2,1486,46.8,56,10.5,7282.714425845715,0,0,0.0002597614668303481,Low Risk
2,301.3,310.6,1527,44.0,114,9.300000000000011,7035.9109069797,0,0,0.0004199996786866203,Low Risk
1,301.8,310.8,1619,31.0,76,9.0,5255.779789700605,0,0,0.0003382838444343452,Low Risk
0,298.8,308.9,1379,46.7,204,10.099999999999966,6743.878925877506,0,0,0.23374262312711452,Low Risk
1,297.7,308.5,1559,35.2,127,10.800000000000011,5746.685057750546,0,0,0.0002859641642635893,Low Risk
0,298.5,309.4,1360,60.9,187,10.899999999999975,8673.308998030701,1,1,0.4400946059634404,Medium Risk
1,303.3,311.4,1395,59.1,4,8.099999999999966,8633.567850962789,0,0,0.040126747836191426,Low Risk
0,300.6,309.5,1867,23.0,242,8.899999999999977,4496.771004593311,0,0,0.38763902166919356,Medium Risk
1,300.9,311.4,1434,45.4,118,10.5,6817.633049408281,0,0,0.0005629464292244924,Low Risk
0,299.0,308.3,1441,44.0,48,9.300000000000011,6639.651353606909,0,0,0.0005269347608452709,Low Risk
0,301.1,311.0,1378,51.1,190,9.899999999999975,7373.925332554938,0,0,0.01143764971514037,Low Risk
1,303.4,312.2,1972,23.5,59,8.800000000000011,4852.922891755273,0,0,0.00270522862952041,Low Risk
0,300.7,310.3,1592,36.0,14,9.600000000000025,6001.698605417941,0,0,0.0002538875638350992,Low Risk
0,299.2,308.4,1386,54.1,26,9.199999999999989,7852.1595102354,0,0,0.0005269150133515715,Low Risk
1,300.5,312.0,1263,60.8,146,11.5,8041.471883540721,0,0,0.04779394959220101,Low Risk
1,301.8,310.9,1346,44.6,142,9.099999999999966,6286.494451441367,0,0,0.02152050845763407,Low Risk
0,298.2,308.2,1667,30.6,59,10.0,5341.775652604869,0,0,0.00044501430970592744,Low Risk
0,298.9,309.8,1411,56.3,84,10.900000000000034,8318.864042877189,0,0,0.009236364603725192,Low Risk
0,297.5,309.3,1564,37.5,20,11.800000000000011,6141.813637768046,0,0,0.00036534549794630305,Low Risk
1,297.3,308.4,1434,44.8,21,11.099999999999966,6727.532172103326,0,0,0.0017233232265523276,Low Risk
1,300.7,311.9,1657,30.9,116,11.199999999999989,5361.787597808236,0,0,0.00030450145357956073,Low Risk
0,300.3,309.2,1398,54.4,198,8.899999999999977,7964.063040556269,0,0,0.06866173389145652,Low Risk
1,298.8,309.9,1495,35.2,214,11.099999999999966,5510.772393416976,0,0,0.04509165827623506,Low Risk
1,300.6,310.7,1705,31.2,181,10.099999999999966,5570.672093345421,0,0,0.0003353171089678862,Low Risk
0,298.8,308.4,1473,41.1,128,9.599999999999966,6339.765390870739,0,0,0.00037447491539838624,Low Risk
1,299.3,310.6,1457,42.1,104,11.300000000000011,6423.478363113394,0,0,0.0002591705942842641,Low Risk
0,299.2,308.5,1378,53.4,100,9.300000000000011,7705.824124431188,0,0,0.018975608558451155,Low Risk
1,301.3,310.0,1696,32.4,202,8.699999999999989,5754.392431727352,0,0,0.004495114193088503,Low Risk
0,302.7,310.5,1642,30.8,195,7.800000000000011,5296.055007519625,0,0,0.00035728969096381226,Low Risk
0,299.4,308.7,1525,39.0,90,9.300000000000011,6228.207435741765,0,0,0.0003332413503164418,Low Risk
1,300.4,309.8,1421,47.2,0,9.400000000000034,7023.679639581725,0,0,0.0014659858911809402,Low Risk
0,297.1,308.4,1488,42.5,146,11.299999999999956,6622.477313767284,0,0,0.00034142963995403163,Low Risk
0,298.5,309.7,1613,36.7,0,11.199999999999989,6199.105815794012,0,0,0.0004242001678840053,Low Risk
1,301.8,310.0,1781,23.9,198,8.199999999999989,4457.490624447925,0,0,0.0007890368121857666,Low Risk
0,303.8,312.7,1596,36.6,134,8.899999999999977,6117.057887657758,0,0,0.0002088848416083378,Low Risk
0,298.0,308.2,1348,58.8,202,10.199999999999989,8300.33911819652,1,1,0.6170065132813296,High Risk
1,301.2,310.1,2280,15.7,11,8.900000000000034,3748.548354263341,0,0,0.0034645411382236125,Low Risk
0,299.3,309.1,1495,44.0,55,9.800000000000011,6888.46549177122,0,0,0.0002393910173189416,Low Risk
0,302.0,310.7,1453,42.7,92,8.699999999999989,6497.138238864563,0,0,0.0003402012285152301,Low Risk
1,302.5,310.3,1447,39.2,172,7.800000000000011,5939.955837799389,0,0,0.015423855924958575,Low Risk
0,302.0,310.4,1568,39.2,112,8.399999999999977,6436.662580282959,0,0,0.00024375437444778568,Low Risk
0,298.2,309.2,1922,22.6,132,11.0,4548.732947083686,0,0,0.0065491592751038274,Low Risk
0,298.6,309.9,1556,38.6,36,11.299999999999956,6289.636044094958,0,0,0.0007173959740842552,Low Risk
0,300.0,309.5,1728,26.0,37,9.5,4704.849158016074,0,0,0.000948254480573403,Low Risk
2,301.9,310.5,1472,39.7,187,8.600000000000023,6119.654937584725,0,0,0.00030351160345971293,Low Risk
0,299.7,310.6,1737,26.1,144,10.900000000000034,4747.543402178359,0,0,0.0007140494839626392,Low Risk
2,298.5,308.9,1500,40.3,207,10.399999999999975,6330.309196983433,0,0,0.02154272453748194,Low Risk
0,297.5,308.9,1581,30.4,155,11.399999999999975,5033.082758463136,0,0,0.00313023697857367,Low Risk
1,303.6,311.8,1659,34.7,94,8.199999999999989,6028.43355889999,0,0,0.009883668795344231,Low Risk
1,302.6,310.4,1544,35.1,25,7.799999999999954,5675.22429685689,0,0,0.00035728969096381226,Low Risk
2,300.1,311.4,1518,46.9,87,11.299999999999956,7455.439189940082,0,0,0.0007697115721929767,Low Risk
0,302.8,310.9,1636,35.0,38,8.099999999999966,5996.253178151718,0,0,0.0002495929947935189,Low Risk
1,301.3,310.7,1391,52.5,61,9.399999999999975,7647.421917000955,0,0,0.0002937816452411319,Low Risk
1,301.1,311.3,1909,22.7,38,10.199999999999989,4537.957284281872,0,0,0.0008070161126998974,Low Risk
0,300.8,311.7,1753,29.0,8,10.899999999999975,5323.638191018144,0,0,0.0007215061877682724,Low Risk
0,297.3,308.4,1491,46.5,29,11.099999999999966,7260.377702078691,0,0,0.0007837513791888582,Low Risk
0,298.1,307.9,1698,33.3,40,9.799999999999956,5921.211001632969,0,0,0.0011502664652191378,Low Risk
1,297.2,308.5,1364,55.6,163,11.300000000000011,7941.778676666805,0,0,0.00046860489458398844,Low Risk
1,300.9,310.0,1416,46.6,201,9.100000000000025,6909.995873423823,0,0,0.019927729427230322,Low Risk
1,297.6,308.3,1538,40.2,0,10.699999999999989,6474.571131636277,0,0,0.00027432186626416354,Low Risk
1,298.7,309.8,1343,53.6,134,11.100000000000025,7538.230628337684,0,0,0.004038487008990392,Low Risk
0,298.6,309.9,1630,30.6,2,11.299999999999956,5223.21194585839,0,0,0.0007347496423521044,Low Risk
0,301.5,310.7,1426,46.1,81,9.199999999999989,6884.130093909265,0,0,0.0004082496273807355,Low Risk
0,300.9,311.0,1382,51.2,136,10.100000000000025,7409.802320658934,0,0,0.00038617450305948456,Low Risk
2,299.4,309.2,1513,36.1,212,9.800000000000011,5719.719720807233,0,0,0.02510472964200591,Low Risk
0,301.8,310.6,2672,11.8,124,8.800000000000011,3301.7719910208257,1,1,0.995,High Risk
1,301.6,309.9,1746,31.1,83,8.299999999999955,5686.345534850598,0,0,0.005291837642460189,Low Risk
1,300.5,311.3,1468,41.1,34,10.800000000000011,6318.2454811936495,0,0,0.00043494477088180635,Low Risk
0,300.0,309.6,1738,28.7,51,9.600000000000025,5223.484217221701,0,0,0.0013154436398243419,Low Risk
1,301.5,310.7,1460,38.6,14,9.199999999999989,5901.5865195235465,0,0,0.00039490414538819146,Low Risk
1,300.4,310.8,1491,35.9,148,10.400000000000034,5605.323860314516,0,0,0.0005036682015996702,Low Risk
0,300.1,309.4,1559,39.7,24,9.299999999999956,6481.346499792518,0,0,0.0003246287910354927,Low Risk
1,301.8,309.5,1732,30.1,220,7.699999999999989,5459.375937604247,0,0,0.12218517957923966,Low Risk
1,298.3,308.1,1630,32.7,83,9.800000000000011,5581.667667632986,0,0,0.00031295724779039345,Low Risk
0,297.9,308.5,1683,28.5,63,10.600000000000025,5022.935414192041,0,0,0.001234745812371625,Low Risk
2,297.2,308.0,1435,43.0,202,10.800000000000011,6461.732489658607,0,0,0.048464681891384774,Low Risk
1,297.6,309.6,1592,35.8,57,12.0,5968.355835387841,0,0,0.0008215117359939567,Low Risk
0,299.2,308.4,1580,32.6,142,9.199999999999989,5393.905146703436,0,0,0.0003362083435746781,Low Risk
0,301.4,310.5,1432,54.3,81,9.100000000000025,8142.756830692456,0,0,0.0004542987296601135,Low Risk
0,298.2,308.3,1400,48.7,194,10.100000000000025,7139.792904058402,0,0,0.001821108371469284,Low Risk
0,299.5,310.0,1502,38.5,52,10.5,6055.629279304565,0,0,0.00022159710539782968,Low Risk
0,301.7,310.6,1545,42.1,68,8.900000000000034,6811.444111880711,0,0,0.015370466893532934,Low Risk
1,296.1,307.0,1523,42.0,164,10.899999999999975,6698.503855984157,0,0,0.00033340090177457155,Low Risk
1,301.9,310.9,1569,32.5,188,9.0,5339.922112939251,0,0,0.00037894107845675237,Low Risk
0,303.5,313.1,1897,23.6,75,9.600000000000025,4688.2196609030725,0,0,0.010928964885481148,Low Risk
2,300.2,309.8,1374,47.7,8,9.600000000000025,6863.311806591479,0,0,0.0028276410659849953,Low Risk
1,298.6,308.4,1391,42.4,169,9.799999999999956,6176.203605349342,0,0,0.0006540945631002795,Low Risk
1,297.4,308.9,1500,46.3,137,11.5,7272.786993060371,0,0,0.0004276989244504198,Low Risk
0,302.6,311.8,1627,31.8,23,9.199999999999989,5418.0535222340295,0,0,0.0002612194340730515,Low Risk
0,300.2,309.7,1275,60.7,15,9.5,8104.523648098269,0,0,0.017442178063234726,Low Risk
0,299.0,308.5,1886,23.0,198,9.5,4542.533537580602,0,0,0.021583832717409837,Low Risk
1,296.3,307.2,1454,42.5,35,10.899999999999975,6471.157267619376,0,0,0.0003693751636995828,Low Risk
0,301.0,309.7,1468,42.0,141,8.699999999999989,6456.601221657744,0,0,0.0003425934015888328,Low Risk
0,303.8,313.1,1523,39.8,150,9.300000000000011,6347.629844480225,0,0,0.0004641464463889399,Low Risk
0,299.5,310.8,1571,38.2,74,11.300000000000011,6284.462888192045,0,0,0.00028294762260316767,Low Risk
1,302.3,311.4,1855,23.9,43,9.099999999999966,4642.697983352556,0,0,0.0008367317865106903,Low Risk
1,300.1,310.1,1402,46.6,10,10.0,6841.676705183756,0,0,0.00043555048423763945,Low Risk
0,300.7,309.9,1815,27.0,190,9.199999999999989,5131.791599638927,0,0,0.007183392254341674,Low Risk
0,300.2,311.7,1286,55.1,42,11.5,7420.295240121924,0,0,0.0036918776297685564,Low Risk
0,302.9,312.4,1383,51.4,160,9.5,7444.129456387159,0,0,0.0010718585642736792,Low Risk
1,298.5,308.7,1662,28.3,15,10.199999999999989,4925.451794151149,0,0,0.0014572310959158046,Low Risk
0,297.6,308.7,1455,48.2,145,11.099999999999966,7344.10114629686,0,0,0.0008206085727781826,Low Risk
0,297.9,309.0,1456,46.5,52,11.100000000000025,7089.9463006214455,0,0,0.0004791191607958878,Low Risk
1,299.9,309.5,1582,38.2,160,9.600000000000025,6328.466129293328,0,0,0.0002400252814533517,Low Risk
1,299.3,309.3,1471,46.0,42,10.0,7085.966949926898,0,0,0.00025740571016774925,Low Risk
1,301.6,310.2,1411,45.1,54,8.599999999999966,6663.956808770181,0,0,0.03269119006719541,Low Risk
0,303.4,312.8,1360,50.8,94,9.400000000000034,7234.878441707055,0,0,0.0034304883248866503,Low Risk
1,299.3,309.3,1523,37.9,204,10.0,6044.602289090465,0,0,0.012393049659755224,Low Risk
2,298.9,309.9,1376,51.0,32,11.0,7348.813535277243,0,0,0.0028712034130641867,Low Risk
0,300.6,309.5,1576,38.8,124,8.899999999999977,6403.487361861051,0,0,0.0002897213429335376,Low Risk
0,297.0,308.2,1577,29.4,130,11.199999999999989,4855.205782416881,0,0,0.002763969968470057,Low Risk
1,301.1,311.3,1389,53.3,8,10.199999999999989,7752.790934602354,0,0,0.00036000010468271114,Low Risk
2,304.0,313.1,1388,53.2,91,9.100000000000025,7732.67426964387,0,0,0.012904297589925864,Low Risk
0,298.1,309.9,1629,32.5,45,11.799999999999956,5544.125635422587,0,0,0.0005703918290765557,Low Risk
2,297.9,308.7,1545,35.9,120,10.800000000000011,5808.333577589489,0,0,0.0003751085936779954,Low Risk
1,301.7,311.2,1563,34.5,139,9.5,5646.8557151949735,0,0,0.00022151672404929388,Low Risk
0,300.7,310.1,1598,32.8,79,9.400000000000034,5488.823132743894,0,0,0.0002760994691888371,Low Risk
0,302.0,311.0,1632,34.2,18,9.0,5844.870300150738,0,0,0.00040041563885450347,Low Risk
0,300.2,310.1,1649,30.5,43,9.900000000000034,5266.827723865728,0,0,0.000958381250794154,Low Risk
1,297.5,308.6,1440,38.8,29,11.100000000000025,5850.90215804563,0,0,0.0015906772819882136,Low Risk
0,300.7,311.9,1419,47.7,179,11.199999999999989,7088.092760955828,0,0,0.0005688139363955442,Low Risk
0,297.4,308.4,1378,39.9,63,11.0,5757.722519940157,0,0,0.002009587785451368,Low Risk
0,300.9,310.7,1468,36.2,208,9.800000000000011,5564.975338666913,0,0,0.0426781801490168,Low Risk
1,297.9,309.1,1614,38.1,62,11.200000000000044,6439.573789475287,0,0,0.00033854800036872565,Low Risk
0,299.5,309.2,1816,23.0,15,9.699999999999989,4373.93473183795,0,0,0.0010018184401336888,Low Risk
0,296.3,307.3,1444,49.0,13,11.0,7409.550993246646,0,0,0.00048161628746019647,Low Risk
0,298.3,309.1,1387,52.3,160,10.800000000000011,7596.38150835563,0,0,0.0004590985709520666,Low Risk
0,299.2,308.4,1841,22.8,40,9.199999999999989,4395.590777196695,0,0,0.0013375351054240598,Low Risk
0,301.3,311.2,1675,32.1,12,9.899999999999975,5630.519433396307,0,0,0.00035788486289075786,Low Risk
0,297.9,309.2,1478,39.7,10,11.300000000000011,6144.599183254229,0,0,0.00035941408236240933,Low Risk
0,297.5,308.9,1554,34.8,204,11.399999999999975,5663.160581067104,0,0,0.01830259132336035,Low Risk
0,296.8,308.1,1289,62.0,199,11.300000000000011,8368.99338965297,1,1,0.7232326550028719,High Risk
0,298.2,309.0,1780,29.3,91,10.800000000000011,5461.554108510736,0,0,0.0005220481638914969,Low Risk
1,302.0,310.4,1212,55.6,79,8.399999999999977,7056.771082199537,1,1,0.960662589100089,High Risk
0,302.1,311.4,1391,49.2,52,9.299999999999956,7166.72682507518,0,0,0.000430182281133227,Low Risk
0,302.2,311.5,1427,43.8,88,9.300000000000011,6545.256966342046,0,0,0.00043047158425183445,Low Risk
0,302.9,312.2,1677,30.5,46,9.300000000000011,5356.258394737918,0,0,0.0009999816113336355,Low Risk
2,303.6,312.4,1460,53.7,214,8.799999999999955,8210.238240891566,0,1,0.6662722594581445,High Risk
0,299.5,310.8,1283,52.4,112,11.300000000000011,7040.225360890631,0,0,0.0015715103741013544,Low Risk
0,300.1,309.3,1654,31.0,201,9.199999999999989,5369.400724005434,0,0,0.004569021224771944,Low Risk
0,297.8,309.0,1456,41.2,0,11.199999999999989,6281.844894314056,0,0,0.00036852155048627084,Low Risk
0,299.3,310.5,1818,26.0,102,11.199999999999989,4949.893384996079,0,0,0.0015782951364814374,Low Risk
0,300.7,310.2,1696,27.5,73,9.5,4884.129378780932,0,0,0.0019284630501839484,Low Risk
0,298.3,307.9,1399,47.8,99,9.599999999999966,7002.840408312913,0,0,0.000624197877614607,Low Risk
0,301.7,310.6,1660,28.7,66,8.900000000000034,4989.05857341083,0,0,0.0017817916153982638,Low Risk
0,298.9,308.5,1559,34.3,126,9.600000000000025,5599.75276934215,0,0,0.00028684244952562147,Low Risk
1,299.5,309.3,1902,24.0,151,9.800000000000011,4780.247381702229,0,0,0.001521018376956957,Low Risk
0,302.6,310.3,1642,33.2,82,7.699999999999989,5708.73461849518,0,0,0.00035728969096381226,Low Risk
1,299.7,310.9,1620,37.2,203,11.199999999999989,6310.831322531177,0,0,0.018530828713635608,Low Risk
1,300.5,312.0,1867,23.0,103,11.5,4496.771004593311,0,0,0.016471641062398963,Low Risk
0,299.5,309.2,1499,41.5,175,9.699999999999989,6514.458886361354,0,0,0.0002519948616637941,Low Risk
1,298.8,309.7,1589,35.3,149,10.899999999999975,5873.90908824542,0,0,0.00044106055460687264,Low Risk
0,300.2,311.8,1436,48.2,175,11.600000000000025,7248.198794558275,0,0,0.0011019307715929843,Low Risk
1,301.4,310.6,1459,46.9,27,9.200000000000044,7165.66915554847,0,0,0.00028035543577225247,Low Risk
0,299.8,309.9,1553,36.6,157,10.099999999999966,5952.249937050437,0,0,0.0003745318190115381,Low Risk
2,298.4,307.9,1700,28.2,120,9.5,5020.265060436489,0,0,0.0035593896750583626,Low Risk
1,300.3,309.6,1509,46.6,95,9.300000000000011,7363.830348161403,0,0,0.0007548085941565893,Low Risk
2,303.4,311.9,1534,33.2,210,8.5,5333.251464538129,0,0,0.08799975755991366,Low Risk
1,297.3,308.2,1452,38.2,44,10.899999999999975,5808.427825369097,0,0,0.0004647796727383089,Low Risk
1,298.6,308.4,1778,28.2,161,9.799999999999956,5250.606633797693,0,0,0.001286039916190306,Low Risk
0,299.7,309.1,1475,40.0,123,9.400000000000034,6178.465552059926,0,0,0.0003066527886282681,Low Risk
0,302.3,310.1,1653,29.7,34,7.800000000000011,5141.122129820089,0,0,0.00047181839553653895,Low Risk
0,300.8,310.3,1537,33.3,52,9.5,5359.776978509938,0,0,0.00030312649621586416,Low Risk
1,300.6,310.2,1532,38.7,16,9.599999999999966,6208.666729436437,0,0,0.00024305533741339212,Low Risk
1,298.2,308.0,1577,35.9,151,9.800000000000011,5928.635632270954,0,0,0.0003324943435185511,Low Risk
1,301.7,310.9,1300,62.7,36,9.199999999999989,8535.707239803469,0,0,0.0453150889273866,Low Risk
1,300.4,310.1,1457,35.1,193,9.700000000000044,5355.441580647985,0,0,0.0005490724994884025,Low Risk
2,299.0,310.0,1458,44.9,221,11.0,6855.39499310443,0,0,0.03179614382182429,Low Risk
1,297.4,308.0,1440,42.4,190,10.600000000000025,6393.769368585947,0,0,0.0003866282462039563,Low Risk
0,302.5,311.9,1265,59.8,119,9.399999999999975,7921.735315536902,0,0,0.06524621755176592,Low Risk
1,302.5,312.0,1826,25.3,203,9.5,4837.822303067019,0,0,0.020165232008850516,Low Risk
1,301.8,310.3,1409,52.5,26,8.5,7746.382085589032,0,0,0.03771304178251062,Low Risk
0,297.6,308.6,1383,47.5,75,11.0,6879.3025131982495,0,0,0.0019312001874089572,Low Risk
0,301.5,311.1,1602,34.3,100,9.600000000000025,5754.203936168136,0,0,0.0002844189270524596,Low Risk
0,298.7,309.0,1565,35.1,152,10.300000000000011,5752.41322835559,0,0,0.00028549364157789384,Low Risk
2,296.8,307.8,1627,30.5,117,11.0,5196.560768180437,0,0,0.0005521616790604144,Low Risk
0,301.9,310.8,1567,39.3,9,8.900000000000034,6448.96715150952,0,0,0.0003251066986873599,Low Risk
0,303.5,312.0,1761,25.8,105,8.5,4757.816410155599,0,0,0.00037183039762831945,Low Risk
0,300.5,309.7,1841,24.6,143,9.199999999999989,4742.611101712224,0,0,0.002065590225338566,Low Risk
1,298.2,308.3,1448,43.3,199,10.100000000000025,6565.761094394476,0,0,0.004670831247250268,Low Risk
0,300.6,310.0,1511,36.9,105,9.399999999999975,5838.744194476238,0,0,0.00028102086612521917,Low Risk
1,297.5,308.9,1280,48.5,19,11.399999999999975,6501.002397828478,0,0,0.0005857477220156808,Low Risk
2,300.3,309.9,1394,46.7,210,9.599999999999966,6817.235114338828,1,0,0.2016456479727831,Low Risk
0,303.7,313.1,1721,34.8,50,9.400000000000034,6271.749909920519,0,0,0.00033527725781094965,Low Risk
1,300.6,310.9,1702,30.3,91,10.299999999999956,5400.460603373927,0,0,0.00030907158606292536,Low Risk
0,298.0,307.7,1643,32.3,200,9.699999999999989,5557.362212469711,0,0,0.033040727549920684,Low Risk
1,300.6,310.8,1389,48.1,88,10.199999999999989,6996.421087324076,0,0,0.0003919729935224962,Low Risk
1,297.1,308.5,1621,32.4,194,11.399999999999975,5499.923426786579,0,0,0.0016697091143208994,Low Risk
0,299.6,310.9,1448,46.3,196,11.299999999999956,7020.663710634278,0,0,0.00039417150997132707,Low Risk
0,300.7,309.5,1850,24.5,19,8.800000000000011,4746.42290079858,0,0,0.0010858124438442402,Low Risk
0,299.8,310.0,1697,36.0,175,10.199999999999989,6397.539279770255,0,0,0.00032071817267226397,Low Risk
0,297.5,308.7,1456,44.7,29,11.199999999999989,6815.496766403841,0,0,0.0003651008242974408,Low Risk
0,302.2,311.4,1449,46.5,60,9.199999999999989,7055.860020329997,0,0,0.00036617564998644937,Low Risk
0,299.7,310.6,1675,31.3,129,10.900000000000034,5490.194961535963,0,0,0.0003001650592041999,Low Risk
0,301.1,310.8,1724,27.5,101,9.699999999999989,4964.7635902230695,0,0,0.0013167659250261563,Low Risk
1,302.1,310.8,1504,37.5,42,8.699999999999989,5906.194188748811,0,0,0.00044246995704391826,Low Risk
0,298.0,308.3,1362,56.8,216,10.300000000000011,8101.287807665069,1,1,0.9022325785773365,High Risk
0,301.3,310.0,1665,31.4,0,8.699999999999989,5474.853517410932,0,0,0.00036476924614619113,Low Risk
0,301.5,310.5,1644,34.9,186,9.0,6008.358781843551,0,0,0.0002754051310657223,Low Risk
1,302.9,312.5,1903,21.2,23,9.600000000000025,4224.771912645506,0,0,0.000643125825219039,Low Risk
2,300.2,309.6,1442,49.2,61,9.400000000000034,7429.48963462143,0,0,0.0017841122894615205,Low Risk
0,297.4,308.4,1664,28.1,67,11.0,4896.5281977871,0,0,0.0013143781910108232,Low Risk
0,300.6,310.3,1414,50.6,25,9.699999999999989,7492.530927203465,0,0,0.00040921752711240003,Low Risk
0,300.6,310.7,1438,48.5,78,10.099999999999966,7303.469881310431,1,0,0.00041289145455849433,Low Risk
0,299.6,311.0,1430,38.3,124,11.399999999999975,5735.396268148646,0,0,0.010660416194545632,Low Risk
1,298.5,309.2,1721,29.4,170,10.699999999999989,5298.547337691473,0,0,0.0006523840948654622,Low Risk
0,299.2,309.0,1515,48.9,228,9.800000000000011,7758.005978407315,1,1,0.5040706034441478,Medium Risk
0,302.0,309.8,1480,40.0,199,7.800000000000011,6199.409503083858,0,0,0.0007801292861596881,Low Risk
2,298.3,309.1,1430,40.9,162,10.800000000000011,6124.744317683541,0,0,0.0009687839104834079,Low Risk
1,301.8,310.7,1465,35.8,82,8.899999999999977,5492.236996760796,0,0,0.00038754977186224957,Low Risk
1,302.6,311.0,1329,48.6,111,8.399999999999977,6763.786151325753,1,1,0.9737603959768422,High Risk
0,299.0,310.4,1512,38.8,109,11.399999999999975,6143.4472659479125,0,0,0.00031903852218100276,Low Risk
0,298.9,310.0,2231,17.4,151,11.100000000000025,4065.1580618921207,0,0,0.004914865379440349,Low Risk
0,302.0,310.4,1357,58.0,108,8.399999999999977,8242.073046447942,1,1,0.9634185814185813,High Risk
0,297.7,309.3,1893,24.6,15,11.600000000000025,4876.568612461292,0,0,0.003804926355425431,Low Risk
0,300.3,311.6,1607,33.5,109,11.300000000000011,5637.535656989324,0,0,0.00030443387885353043,Low Risk
0,302.7,310.7,1398,57.7,19,8.0,8447.177158825309,0,0,0.024006633471660987,Low Risk
0,303.5,311.9,1515,39.2,24,8.399999999999977,6219.096817046355,0,0,0.00023671331816828644,Low Risk
0,299.3,310.4,1725,26.8,167,11.099999999999966,4841.194279181871,0,0,0.00377226513095717,Low Risk
0,297.1,308.4,1583,31.9,2,11.299999999999956,5288.106778106044,0,0,0.000381554459966939,Low Risk
1,303.6,312.0,1435,37.9,98,8.399999999999977,5695.340961815376,0,0,0.005358630999727515,Low Risk
0,298.8,308.4,1369,53.0,138,9.599999999999966,7598.151272217154,0,0,0.004086450211059642,Low Risk
1,298.5,309.5,1366,61.9,130,11.0,8854.62078204488,0,0,0.002672192248079891,Low Risk
0,302.9,312.2,1469,42.0,214,9.300000000000011,6460.999451372769,0,0,0.0612248499305843,Low Risk
0,299.8,311.2,1664,28.3,173,11.399999999999975,4931.378932290922,0,0,0.004310989694953034,Low Risk
0,298.3,309.1,1437,38.0,93,10.800000000000011,5718.326948064142,0,0,0.01063457652196915,Low Risk
0,303.2,311.5,1544,42.5,227,8.300000000000011,6871.710330952074,0,0,0.07865670018102072,Low Risk
0,299.4,309.3,1366,48.4,116,9.900000000000034,6923.483777883234,0,0,0.0004080110760757841,Low Risk
0,299.0,309.0,1469,40.1,13,10.0,6168.716142858287,0,0,0.00026640532265687506,Low Risk
0,301.9,311.2,1435,44.2,16,9.300000000000011,6642.059907974661,0,0,0.0007579705728296191,Low Risk
0,302.4,310.9,1349,46.1,148,8.5,6512.406379161009,1,1,0.9594293917518651,High Risk
1,301.2,310.3,1379,43.2,56,9.100000000000025,6238.449027792468,0,0,0.005216490423963766,Low Risk
1,300.2,309.9,1569,31.2,176,9.699999999999989,5126.325228421681,0,0,0.0003727960754404298,Low Risk
0,299.0,310.1,1362,59.5,46,11.100000000000025,8486.384235142106,0,0,0.012043127829670082,Low Risk
2,302.3,310.2,1506,33.8,43,7.899999999999977,5330.528750905018,0,0,0.0003433088493370777,Low Risk
2,300.4,309.9,2563,12.8,81,9.5,3435.478174357607,1,1,0.845,High Risk
0,302.0,310.7,1657,31.9,37,8.699999999999989,5535.308232041512,0,0,0.0003614618761866297,Low Risk
2,300.1,311.5,1383,49.1,33,11.399999999999975,7111.026387327033,0,0,0.0023103993413939733,Low Risk
0,301.4,310.8,1698,29.6,99,9.400000000000034,5263.298668118196,0,0,0.0003394760319113271,Low Risk
1,297.4,308.7,1798,23.0,135,11.300000000000011,4330.580753218411,0,0,0.001788118610116397,Low Risk
0,301.0,309.6,1724,28.1,133,8.600000000000023,5073.085704918846,0,0,0.005685557387480659,Low Risk
0,298.4,309.3,1504,39.3,192,10.900000000000034,6189.691509808754,0,0,0.0003074127803652644,Low Risk
1,300.8,312.0,1443,53.3,151,11.199999999999989,8054.19533378776,0,0,0.020328771307155425,Low Risk
0,298.3,308.1,1326,58.4,90,9.800000000000011,8109.330284858261,0,0,0.009018504591221893,Low Risk
2,297.7,308.8,1404,50.3,97,11.100000000000025,7395.434770256516,0,0,0.0016496578520575247,Low Risk
0,301.5,310.4,1918,21.8,9,8.899999999999977,4378.584288965262,0,0,0.0009762508897225316,Low Risk
0,299.2,308.5,1340,50.0,144,9.300000000000011,7016.223593017205,0,0,0.0008313321638697,Low Risk
1,298.2,307.7,1952,21.6,93,9.5,4415.319979061239,0,0,0.0012428201715700303,Low Risk
0,300.8,310.8,1486,45.7,146,10.0,7111.539514127119,0,0,0.0002612491825470772,Low Risk
1,298.7,309.6,1382,48.1,186,10.900000000000034,6961.161945775288,0,0,0.0019492545626519692,Low Risk
0,298.3,307.7,1465,49.4,109,9.399999999999975,7578.673397764897,0,0,0.00041994791285956067,Low Risk
1,296.9,307.4,1521,37.9,27,10.5,6036.664531652394,0,0,0.0003361167049368119,Low Risk
2,301.0,310.1,1454,44.1,217,9.100000000000025,6714.777305929752,0,0,0.03986430802460497,Low Risk
0,300.7,310.0,1395,48.0,85,9.300000000000011,7012.034802812417,0,0,0.0004226501164258493,Low Risk
0,302.9,312.3,1435,47.7,173,9.400000000000034,7168.0148780631525,0,0,0.00033892166749367394,Low Risk
2,298.8,309.2,1372,48.5,120,10.399999999999975,6968.261945172401,0,0,0.000626666199823143,Low Risk
1,300.1,311.4,1342,48.5,203,11.299999999999956,6815.894701473296,0,0,0.09333223719109092,Low Risk
0,298.5,308.2,1654,27.1,13,9.699999999999989,4693.895471630558,0,0,0.0013986563376613941,Low Risk
0,298.8,310.0,1389,49.6,149,11.199999999999989,7214.604697115888,0,0,0.0007654734429922591,Low Risk
0,297.5,308.8,1603,36.7,184,11.300000000000011,6160.673665665096,0,0,0.000342976667788108,Low Risk
1,299.7,309.1,1851,24.7,189,9.400000000000034,4787.755788144309,0,0,0.001361866996269603,Low Risk
1,301.5,310.6,2432,14.2,126,9.100000000000025,3616.433911204378,0,0,0.005934001103804005,Low Risk
0,301.9,310.8,1525,43.2,62,8.900000000000034,6898.937467283186,0,0,0.0003302985317794789,Low Risk
0,299.2,308.4,1877,23.9,4,9.199999999999989,4697.759630594473,0,0,0.0015196001320356097,Low Risk
0,304.1,313.4,1374,56.6,115,9.299999999999956,8143.88780404775,0,0,0.05562182052019361,Low Risk
1,299.7,309.6,1534,39.1,176,9.900000000000034,6281.028080224121,0,0,0.00021414048366103327,Low Risk
0,303.3,311.3,1393,47.4,18,8.0,6914.45693499192,0,0,0.031013021779551852,Low Risk
2,298.1,307.6,1542,37.1,84,9.5,5990.82869483652,0,0,0.00043130923152107195,Low Risk
1,298.6,310.0,1512,37.5,27,11.399999999999975,5937.6101152847095,0,0,0.0006012151717360702,Low Risk
0,297.4,308.7,1545,36.9,125,11.300000000000011,5970.125599249363,0,0,0.00033959118982236804,Low Risk
0,301.3,310.4,1346,46.7,90,9.099999999999966,6582.495311262598,0,0,0.0006615929399489014,Low Risk
0,301.9,310.4,1518,34.1,155,8.5,5420.6924600630455,0,0,0.00026720548352659297,Low Risk
1,298.1,307.7,1445,48.0,73,9.599999999999966,7263.362215099602,0,0,0.00048662694346926944,Low Risk
0,298.2,308.7,1447,48.4,51,10.5,7334.027105854348,0,0,0.000348477364805628,Low Risk
0,298.6,309.5,1325,52.2,127,10.899999999999975,7242.941862851268,0,0,0.0009769408985023233,Low Risk
0,299.2,308.7,1325,51.0,171,9.5,7076.437452211009,0,0,0.0006169265070260845,Low Risk
1,302.3,311.7,1517,37.6,124,9.399999999999975,5973.1310562212975,0,0,0.0003292384820044212,Low Risk
0,302.5,311.9,1553,40.1,187,9.399999999999975,6521.454166003348,0,0,0.0002222984885997135,Low Risk
1,303.3,312.6,1482,44.4,73,9.300000000000011,6890.6436626777095,0,0,0.0001952596286761461,Low Risk
2,302.4,310.1,1597,28.9,179,7.700000000000045,4833.1622739641925,0,0,0.006227474508697307,Low Risk
0,302.3,311.7,1465,43.5,117,9.399999999999975,6673.528194388118,0,0,0.00023412550526058347,Low Risk
0,300.9,310.6,1350,53.8,131,9.700000000000044,7605.795814340889,0,0,0.0011719720682356416,Low Risk
0,300.3,311.1,1606,30.9,156,10.800000000000011,5196.759735715164,0,0,0.0002849676059279546,Low Risk
0,298.8,309.9,1739,30.6,83,11.099999999999966,5572.494217084503,0,0,0.0022144059671780594,Low Risk
1,301.6,311.0,1431,42.3,129,9.399999999999975,6338.822913074661,0,0,0.00046371749868926885,Low Risk
0,301.5,310.9,1671,31.1,170,9.399999999999975,5442.086706033992,0,0,0.00040769726489949144,Low Risk
1,296.5,307.4,1565,43.5,194,10.899999999999975,7129.059129158637,0,0,0.00031613348076573995,Low Risk
2,298.9,310.5,1429,39.9,19,11.600000000000025,5970.816749633153,0,0,0.007048721578161024,Low Risk
0,297.4,308.8,1640,34.2,142,11.400000000000034,5873.521625151478,0,0,0.00038678221809392975,Low Risk
1,301.5,310.7,1744,28.2,61,9.199999999999989,5150.201332588963,0,0,0.0008175561154006494,Low Risk
0,302.5,312.0,1495,38.8,186,9.5,6074.374115470984,0,0,0.00022350368697521454,Low Risk
1,297.1,308.1,1506,37.7,210,11.0,5945.589760624828,0,0,0.023742127916679144,Low Risk
0,302.3,311.1,1589,29.9,141,8.800000000000011,4975.350757465668,0,0,0.0014356086715993266,Low Risk
1,299.6,309.3,1387,48.3,25,9.699999999999989,7015.396306951758,0,0,0.00046841022759777195,Low Risk
0,298.2,307.7,1459,44.5,89,9.5,6798.98246102147,0,0,0.00040992963493355025,Low Risk
2,302.1,311.0,1729,26.1,210,8.899999999999977,4725.677917309376,0,0,0.038118782865011296,Low Risk
1,299.4,310.8,1628,40.2,111,11.400000000000034,6853.447205659207,0,0,0.00028192490401748773,Low Risk
0,301.3,310.3,1560,36.3,129,9.0,5930.0702929160925,0,0,0.0002849730209756301,Low Risk
1,300.1,309.2,1418,39.8,221,9.099999999999966,5910.005987835167,0,0,0.1807871518521553,Low Risk
0,300.5,309.8,1379,54.2,207,9.300000000000011,7826.942993202588,1,1,0.7365523056002324,High Risk
0,298.2,307.9,1785,23.4,181,9.699999999999989,4374.039451593069,0,0,0.001396647299146706,Low Risk
0,303.7,312.5,1641,36.0,125,8.800000000000011,6186.42425344902,0,0,0.0002088848416083378,Low Risk
0,298.9,310.1,1577,41.4,80,11.200000000000044,6836.922428301324,0,0,0.00028829008156260765,Low Risk
1,298.2,308.0,1411,47.2,168,9.800000000000011,6974.251915165245,0,0,0.0005607981247647718,Low Risk
1,299.6,309.4,1283,62.1,83,9.799999999999956,8343.47318533031,0,0,0.007620225886678573,Low Risk
0,302.4,311.8,1508,45.7,108,9.400000000000034,7216.824755924425,0,0,0.0002302610304019079,Low Risk
1,302.4,310.2,1485,45.9,50,7.800000000000011,7137.85558858869,0,0,0.0017591708362747352,Low Risk
0,299.8,309.4,1475,43.4,51,9.599999999999966,6703.63512398502,0,0,0.00030728735105604627,Low Risk
0,298.4,308.0,1508,47.9,25,9.600000000000025,7564.243015509407,0,0,0.00041917582231125965,Low Risk
0,300.7,309.9,1412,45.3,155,9.199999999999989,6698.25252857187,0,0,0.0008174031258320317,Low Risk
0,297.0,307.6,1513,42.4,124,10.600000000000025,6717.897954632318,0,0,0.0003172320021961325,Low Risk
0,298.9,310.6,1406,43.8,12,11.700000000000044,6448.935735582983,0,0,0.0006658162600182625,Low Risk
0,297.3,308.7,1549,36.1,218,11.399999999999975,5855.813514560743,0,0,0.04941367402363774,Low Risk
0,298.0,307.7,1479,42.5,47,9.699999999999989,6582.422007434015,0,0,0.000304817830714023,Low Risk
1,300.3,311.6,1312,53.4,151,11.300000000000011,7336.749819487458,0,0,0.0003732350006854295,Low Risk
0,299.8,309.4,1467,46.2,219,9.599999999999966,7097.423291136989,0,0,0.04094058689768312,Low Risk
0,300.7,311.3,1522,35.2,48,10.600000000000025,5610.298048682701,0,0,0.00025210583147187456,Low Risk
0,303.0,311.3,2194,16.5,148,8.300000000000011,3790.959855086803,0,0,0.00040700923250616363,Low Risk
2,302.2,311.1,1426,50.6,101,8.900000000000034,7556.116762512122,0,0,0.0009703634688980967,Low Risk
0,300.7,311.1,1426,46.2,97,10.400000000000034,6899.06313098933,0,0,0.00041289145455849433,Low Risk
0,299.0,310.2,1372,48.0,174,11.199999999999989,6896.424193160315,0,0,0.0018252424802274378,Low Risk
0,300.4,309.3,1671,35.0,209,8.900000000000034,6124.534878173302,0,0,0.042219222361904125,Low Risk
0,298.9,310.6,1585,38.1,7,11.700000000000044,6323.868932043574,0,0,0.00031337930017117,Low Risk
0,298.0,308.4,1911,22.0,13,10.399999999999975,4402.627944740736,0,0,0.0011488919436510798,Low Risk
0,302.6,311.9,1633,30.9,89,9.299999999999956,5284.127427411497,0,0,0.0002442511662514704,Low Risk
0,298.9,308.9,1422,47.6,15,10.0,7088.187008735435,0,0,0.0004546743892989915,Low Risk
0,300.7,312.1,1395,41.9,157,11.400000000000034,6120.922046621673,0,0,0.0005585949454363551,Low Risk
1,299.3,310.6,1609,31.4,99,11.300000000000011,5290.714300008522,0,0,0.0003162185329321661,Low Risk
0,297.4,308.5,1410,43.9,47,11.100000000000025,6482.04812215182,0,0,0.0007244709489557238,Low Risk
0,298.0,308.3,1473,42.6,107,10.300000000000011,6571.143689807627,0,0,0.0002637393459221114,Low Risk
0,298.2,308.7,1991,20.5,36,10.5,4274.189165086474,0,0,0.0012236048164547535,Low Risk
0,298.0,308.9,1508,37.1,92,10.899999999999975,5858.735195728581,0,0,0.0002814801495706181,Low Risk
0,300.2,311.5,1500,40.8,17,11.300000000000011,6408.849013323178,0,0,0.0002810195573180415,Low Risk
0,296.7,307.7,1502,43.9,84,11.0,6904.990269129101,0,0,0.00032671067601686095,Low Risk
0,300.8,309.6,1680,28.7,22,8.800000000000011,5049.167712849516,0,0,0.0022258454151426778,Low Risk
1,298.5,307.9,1640,33.1,146,9.399999999999975,5684.607186915611,0,0,0.0008611028684253754,Low Risk
0,299.0,308.9,1622,31.9,42,9.899999999999975,5418.388625450411,0,0,0.0002690062180136016,Low Risk
0,300.1,309.1,1353,58.7,86,9.0,8316.95814333401,0,0,0.012454033114203344,Low Risk
1,298.2,309.3,2056,18.7,144,11.100000000000025,4026.181369036583,0,0,0.0020449570431933088,Low Risk
0,302.8,312.4,1523,39.7,239,9.599999999999966,6331.681025775501,0,0,0.110375369417047,Low Risk
2,301.0,310.0,1212,67.9,30,9.0,8617.891303621378,0,0,0.094999001790527,Low Risk
1,299.9,309.5,1372,56.2,133,9.600000000000025,8074.563326158535,0,0,0.0071995646522754865,Low Risk
0,303.5,313.0,1393,51.6,80,9.5,7527.130334295001,0,0,0.00040281652486274253,Low Risk
0,298.2,307.8,1439,41.6,62,9.600000000000025,6268.775868875121,0,0,0.0016698230782776443,Low Risk
0,300.7,310.4,1416,61.8,209,9.699999999999989,9163.900106815285,1,1,0.975,High Risk
1,300.5,311.7,1269,64.0,87,11.199999999999989,8504.919631798288,0,0,0.03338644315433052,Low Risk
1,298.5,309.6,1509,47.3,2,11.100000000000025,7474.445825494299,0,0,0.0008366532969281322,Low Risk
0,297.7,309.1,1563,39.3,56,11.400000000000034,6432.505206004708,0,0,0.00034611817955879353,Low Risk
0,298.6,309.8,1497,41.6,118,11.199999999999989,6521.443694027836,0,0,0.0005144883701128789,Low Risk
1,298.0,308.2,1373,51.2,215,10.199999999999989,7361.547457499795,0,0,0.21706829677917105,Low Risk
0,300.7,310.5,1960,21.0,194,9.800000000000011,4310.265120725196,0,0,0.0012898124245187396,Low Risk
2,303.3,311.3,1502,39.5,38,8.0,6212.918351494293,0,0,0.0002345014623091403,Low Risk
1,303.9,313.1,1343,61.4,14,9.200000000000044,8635.211951118168,0,0,0.027902508988232745,Low Risk
1,301.0,311.5,1530,43.9,165,10.5,7033.711792122187,0,0,0.0003552782815180799,Low Risk
0,301.0,310.9,1740,28.9,129,9.899999999999975,5265.937605947212,0,0,0.0007157911407292325,Low Risk
0,301.1,310.0,1513,38.0,17,8.899999999999977,6020.757600849719,0,0,0.0002839889029592899,Low Risk
2,297.7,308.4,1288,49.5,91,10.699999999999989,6676.512707409028,0,0,0.0006569161710616337,Low Risk
0,298.5,309.3,1471,44.7,119,10.800000000000011,6885.711362211573,0,0,0.00028678821001452856,Low Risk
2,298.8,310.2,1707,27.6,56,11.399999999999975,4933.682766903555,0,0,0.0027303600382118064,Low Risk
0,299.3,308.6,1403,50.6,189,9.300000000000011,7434.243911503862,0,0,0.006058734515095329,Low Risk
2,303.4,311.7,1991,19.0,53,8.300000000000011,3961.4436164216095,0,0,0.001979604804884092,Low Risk
2,301.6,310.4,1369,45.4,156,8.799999999999955,6508.605052050166,0,0,0.04422764174702795,Low Risk
1,298.0,308.0,1620,29.4,75,10.0,4987.592496839156,0,0,0.0009957256270262396,Low Risk
2,296.9,307.8,1549,37.8,104,10.900000000000034,6131.572045717342,0,0,0.00039180240958206527,Low Risk
0,298.7,309.8,1469,38.4,62,11.100000000000025,5907.199498397959,0,0,0.0007083178601156358,Low Risk
1,299.1,310.3,1441,43.9,94,11.199999999999989,6624.561236894166,0,0,0.00047090101844320277,Low Risk
0,296.8,307.6,1547,36.5,179,10.800000000000011,5913.053332709149,0,0,0.00032745618083096923,Low Risk
1,300.4,311.7,1508,45.4,164,11.300000000000011,7169.44953870829,0,0,0.0005214085473472456,Low Risk
0,304.1,313.0,1408,45.3,28,8.899999999999977,6679.277308944186,0,0,0.0006592875183935726,Low Risk
0,298.5,308.1,1662,28.6,48,9.600000000000025,4977.665064053812,0,0,0.0065746496370249876,Low Risk
0,298.8,309.9,1428,42.4,132,11.099999999999966,6340.487957181063,0,0,0.0022120213867733453,Low Risk
0,298.4,308.1,1395,44.0,92,9.700000000000044,6427.698569244716,0,0,0.0006111656168542806,Low Risk
0,304.1,313.1,1550,30.9,9,9.0,5015.552671456105,0,0,0.001532183338066701,Low Risk
1,297.9,307.4,1403,52.8,0,9.5,7757.471907656203,0,0,0.010392578124898435,Low Risk
0,299.0,310.1,1664,29.7,89,11.100000000000025,5175.334073817682,0,0,0.0005515364604309681,Low Risk
0,301.0,311.0,1399,58.0,190,10.0,8497.170369919435,1,0,0.21256766148665618,Low Risk
2,301.2,309.9,1362,50.7,25,8.699999999999989,7231.255138179914,0,0,0.016451477993732738,Low Risk
1,302.6,310.5,1542,39.9,184,7.899999999999977,6442.966709541163,0,0,0.0002602679358974266,Low Risk
1,300.1,309.1,1731,30.4,92,9.0,5510.604841808784,0,0,0.001427796695482807,Low Risk
0,303.4,311.5,1501,36.2,69,8.100000000000023,5690.073558132858,0,0,0.00015500862639332216,Low Risk
0,296.2,307.0,1414,48.3,162,10.800000000000011,7151.961339603306,0,0,0.000531777648492202,Low Risk
0,301.4,310.7,1487,44.6,88,9.300000000000011,6945.035103486861,0,0,0.00024096112130114156,Low Risk
2,297.8,307.3,1516,40.1,166,9.5,6366.081465332309,0,0,0.00042579645796550074,Low Risk
0,298.0,308.7,1626,36.7,210,10.699999999999989,6249.0676109616015,0,0,0.03223397606396354,Low Risk
0,300.2,311.7,1493,48.3,167,11.5,7551.540509213394,0,0,0.0003596906134165129,Low Risk
1,303.4,311.5,1560,36.4,114,8.100000000000023,5946.40657471476,0,0,0.00015675676528893747,Low Risk
0,299.0,310.4,1606,31.1,134,11.399999999999975,5230.395721059599,0,0,0.00036851322902832674,Low Risk
1,297.0,307.9,1882,24.2,97,10.899999999999975,4769.398415071832,0,0,0.0014456829259482371,Low Risk
1,297.2,308.5,1604,40.7,158,11.300000000000011,6836.398829525725,0,0,0.00033274033181661904,Low Risk
0,299.2,308.7,1492,37.8,91,9.5,5905.942861336524,0,0,0.0004678462762690717,Low Risk
0,300.7,311.7,1910,19.7,13,11.0,3940.290225887438,0,0,0.0012186866478317386,Low Risk
2,300.1,309.6,1463,45.1,113,9.5,6909.545578476808,0,0,0.0005174888957535208,Low Risk
0,302.0,310.5,1635,39.8,99,8.5,6814.42862490162,0,0,0.0007010020924071269,Low Risk
1,299.2,308.4,1396,48.7,13,9.199999999999989,7119.393495761094,0,0,0.0009842033409272909,Low Risk
0,298.1,308.6,1354,53.9,207,10.5,7642.510560485842,1,1,0.7081164796563294,High Risk
0,300.1,311.2,1489,39.1,188,11.099999999999966,6096.773671091079,0,0,0.00035496588694618214,Low Risk
1,303.5,313.0,1902,21.6,60,9.5,4302.222643532006,0,0,0.0006150665063412884,Low Risk
0,298.3,308.2,1663,28.4,67,9.899999999999975,4945.830258497435,0,0,0.019955592542450672,Low Risk
0,299.1,308.3,1601,31.4,121,9.199999999999989,5264.408697522464,0,0,0.0003362083435746781,Low Risk
1,299.8,309.6,1434,48.0,82,9.800000000000011,7208.070184396422,0,0,0.0004327288009029219,Low Risk
1,297.4,308.2,1530,32.6,22,10.800000000000011,5223.21194585839,0,0,0.0005088853949165193,Low Risk
1,301.6,310.4,1455,39.0,118,8.799999999999955,5942.322504265094,0,0,0.00043460231343332034,Low Risk
1,302.3,311.3,1444,43.1,115,9.0,6517.380567529192,0,0,0.00029774630692545493,Low Risk
0,298.4,309.5,1376,50.4,202,11.100000000000025,7262.356905450452,0,0,0.11454187700790631,Low Risk
1,300.7,311.0,1263,52.3,104,10.300000000000011,6917.252952453614,0,0,0.0013624843030162045,Low Risk
0,303.5,312.0,1756,29.7,28,8.5,5461.470332706639,0,0,0.00035002830853628745,Low Risk
0,298.6,308.4,1310,59.7,40,9.799999999999956,8189.817888643232,0,0,0.01786274596548759,Low Risk
0,302.9,312.4,1923,23.9,244,9.5,4812.888529373026,0,0,0.34296726575948533,Medium Risk
0,301.5,310.6,1962,20.2,124,9.100000000000025,4150.295222804403,0,0,0.0059848335148364315,Low Risk
0,300.7,312.2,1590,38.5,148,11.5,6410.419809649972,0,0,0.00031327969439053446,Low Risk
0,300.1,311.3,1676,30.3,151,11.199999999999989,5317.962380290658,0,0,0.0005788916362815252,Low Risk
0,298.2,308.9,1605,32.0,79,10.699999999999989,5378.406622945726,0,0,0.00030817609409780194,Low Risk
1,300.7,310.7,1343,51.6,211,10.0,7256.953366086278,0,0,0.10812457588033332,Low Risk
0,298.8,308.8,1555,40.6,61,10.0,6611.272299969481,0,0,0.00031774557121078107,Low Risk
1,300.6,309.8,1447,42.9,12,9.199999999999989,6500.614934734535,0,0,0.0006516359913532183,Low Risk
2,300.9,309.5,1469,43.4,126,8.600000000000023,6676.366099751861,0,0,0.005311944852974791,Low Risk
1,302.3,311.1,1338,53.3,63,8.800000000000011,7468.131224260584,0,0,0.01663270761221788,Low Risk
0,298.8,310.3,1553,36.8,97,11.5,5984.775892990603,0,0,0.0005221123270581606,Low Risk
1,302.6,312.1,2000,21.9,200,9.5,4586.725274241097,0,0,0.02679350326800902,Low Risk
1,297.2,308.2,1405,42.5,204,11.0,6253.078377582685,0,0,0.04743470185673949,Low Risk
1,298.8,308.8,1441,40.5,63,10.0,6111.497268660904,0,0,0.0005751575578288287,Low Risk
0,299.8,309.3,1291,56.4,188,9.5,7624.896697674715,0,0,0.036772382013851884,Low Risk
1,297.2,308.1,1554,41.3,147,10.900000000000034,6720.934827530787,0,0,0.00028899736744974927,Low Risk
0,299.4,309.3,1544,36.0,197,9.900000000000034,5820.742868571169,0,0,0.00026840691112660505,Low Risk
1,302.9,312.5,1551,40.0,20,9.600000000000025,6496.813607623693,0,0,0.0001891705081511316,Low Risk
1,297.2,308.6,1498,44.4,9,11.400000000000034,6965.036576714715,0,0,0.0003934836895003052,Low Risk
2,299.0,308.5,1623,33.5,154,9.5,5693.665445733461,0,0,0.00034423171528861476,Low Risk
0,300.7,311.1,2478,13.4,170,10.400000000000034,3477.240412699327,1,1,0.7051688493069449,High Risk
0,298.0,307.6,1654,28.9,123,9.600000000000025,5005.667126572808,0,0,0.0016809547470097686,Low Risk
0,298.9,310.0,1791,27.6,166,11.100000000000025,5176.465047172974,0,0,0.0025646043507632967,Low Risk
0,302.8,312.2,1509,36.5,52,9.399999999999975,5767.807032358181,0,0,0.00023307157688512228,Low Risk
1,298.2,308.8,1607,31.9,39,10.600000000000025,5368.280222625655,0,0,0.0003474296868305719,Low Risk
0,296.1,307.1,1651,35.7,167,11.0,6172.255670581331,0,0,0.00034235790148724873,Low Risk
1,296.2,307.0,2119,18.3,159,10.800000000000011,4060.791248103631,0,0,0.0013853532787052605,Low Risk
0,297.8,307.6,1446,51.4,105,9.800000000000011,7783.232967415641,0,0,0.00035493774937466594,Low Risk
0,298.0,308.7,1443,49.3,52,10.699999999999989,7449.752907237084,0,0,0.00035921111352290577,Low Risk
0,298.9,308.7,1572,34.1,80,9.800000000000011,5613.523417140386,0,0,0.0002471403288007736,Low Risk
1,297.9,308.1,1627,31.4,209,10.200000000000044,5349.901905602154,0,0,0.027297967396038035,Low Risk
0,301.1,310.1,1564,36.8,7,9.0,6027.1664498630425,0,0,0.00026460568491028176,Low Risk
2,300.5,310.8,1631,30.5,132,10.300000000000011,5209.336578305035,0,0,0.00125191438727861,Low Risk
0,297.6,309.0,1528,33.8,22,11.399999999999975,5408.398360811996,0,0,0.00039453659690863506,Low Risk
1,299.7,311.2,1560,43.9,126,11.5,7171.627709614779,0,0,0.00028192490401748773,Low Risk
1,300.3,311.2,1783,25.6,139,10.899999999999975,4779.912278485846,0,0,0.000711350055554679,Low Risk
0,299.1,308.5,1415,43.4,0,9.399999999999975,6430.944881653426,0,0,0.0006299769283474236,Low Risk
1,295.3,305.8,1589,36.2,184,10.5,6023.668810042046,0,0,0.0003114901522945811,Low Risk
2,295.6,306.1,1623,30.9,210,10.5,5251.769023079521,0,0,0.041623793125633544,Low Risk
2,299.3,308.8,1397,45.4,191,9.5,6641.724804758277,0,0,0.0015901574278146602,Low Risk
2,297.9,307.4,1604,36.1,225,9.5,6063.734588350827,1,0,0.10014149633684884,Low Risk
1,302.3,310.7,1544,39.7,141,8.399999999999977,6418.985885618762,0,0,0.00023143910351182507,Low Risk
0,295.9,306.7,1547,40.9,107,10.800000000000011,6625.859761857649,0,0,0.00028101553950058816,Low Risk
0,297.9,309.1,1507,36.9,13,11.200000000000044,5823.287558620577,0,0,0.00036917694214433583,Low Risk
0,301.6,310.7,1683,29.7,131,9.099999999999966,5234.427431631706,0,0,0.0003350298870204868,Low Risk
0,297.4,308.6,1439,51.9,188,11.200000000000044,7820.900663332181,0,0,0.002699883272477493,Low Risk
2,297.4,308.2,1585,46.2,37,10.800000000000011,7668.313508147326,0,0,0.0012331002856715578,Low Risk
0,299.2,308.8,1542,39.2,179,9.600000000000025,6329.932205865003,0,0,0.00028006326316182284,Low Risk
0,297.5,309.4,1497,35.8,44,11.899999999999975,5612.203948225878,0,0,0.0003794982526089273,Low Risk
0,303.5,312.4,1481,43.7,20,8.899999999999977,6777.431135417845,0,0,0.0002483101799955827,Low Risk
1,300.0,309.1,1624,30.8,155,9.100000000000025,5237.998375281286,0,0,0.00034720428315898535,Low Risk
0,302.4,312.0,1562,37.9,10,9.600000000000025,6199.388559132834,0,0,0.00021316570911093964,Low Risk
1,296.9,308.1,1357,41.8,127,11.200000000000044,5939.976781750413,0,0,0.0006656210286688904,Low Risk
0,298.6,309.8,1370,56.0,0,11.199999999999989,8034.099612780297,0,0,0.015688850564671706,Low Risk
1,300.8,309.7,1482,39.0,171,8.899999999999977,6052.592406406096,0,0,0.0003243764206593622,Low Risk
0,299.0,308.6,1429,37.7,126,9.600000000000025,5641.598783487967,0,0,0.006887293995817444,Low Risk
1,302.1,311.5,1383,53.6,108,9.399999999999975,7762.749783314236,0,0,0.00021876107182439202,Low Risk
2,298.4,308.9,1577,37.1,0,10.5,6126.807296859399,0,0,0.0005548597046293568,Low Risk
0,298.4,309.3,1545,36.9,3,10.900000000000034,5970.125599249363,0,0,0.0002974306835477696,Low Risk
0,297.5,309.4,1650,34.6,142,11.899999999999975,5978.450819781377,0,0,0.0003770491762333705,Low Risk
0,299.1,308.3,1892,25.2,34,9.199999999999989,4992.8703724971865,0,0,0.001801626777526533,Low Risk
0,298.9,310.2,1411,46.5,202,11.300000000000011,6870.820213033557,0,0,0.012465440746779261,Low Risk
0,300.0,311.3,1407,47.3,208,11.300000000000011,6969.214894943989,0,0,0.09356134405956636,Low Risk
0,300.1,310.1,1650,31.6,19,10.0,5460.088031939061,0,0,0.00025387804714426367,Low Risk
2,303.6,312.6,1498,40.2,155,9.0,6306.181765403864,0,0,0.00025561167382184445,Low Risk
1,301.8,310.8,1365,48.2,199,9.0,6889.826848587775,0,0,0.06533430462803246,Low Risk
2,298.3,309.0,1379,43.2,0,10.699999999999989,6238.449027792468,0,0,0.0021086113478978367,Low Risk
0,297.6,308.3,1438,47.8,84,10.699999999999989,7198.058975806981,0,0,0.00046944179722567715,Low Risk
0,299.2,308.3,1410,43.0,26,9.100000000000025,6349.158752904972,0,0,0.000631619406959867,Low Risk
0,297.4,308.6,1820,24.6,79,11.200000000000044,4688.512876217407,0,0,0.0019422214454502523,Low Risk
1,300.9,312.6,1555,40.6,109,11.700000000000044,6611.272299969481,0,0,0.00026948513867755536,Low Risk
1,298.8,309.7,1499,40.3,154,10.899999999999975,6326.08899085211,0,0,0.0004228519009211008,Low Risk
0,298.8,309.3,1450,44.8,63,10.5,6802.595292573099,0,0,0.0010705723833151894,Low Risk
1,300.8,310.7,1452,43.0,139,9.899999999999975,6538.282630651078,0,0,0.0002324150262611617,Low Risk
1,297.4,308.4,1675,29.5,59,11.0,5174.464899850189,0,0,0.00047685952517451563,Low Risk
0,297.7,309.1,1435,38.8,165,11.400000000000034,5830.586525552417,0,0,0.0007765542937477262,Low Risk
0,299.4,308.8,1390,57.0,92,9.400000000000034,8296.946198130643,0,0,0.022541603748502177,Low Risk
1,299.7,309.1,1603,38.5,170,9.400000000000034,6462.832047087362,0,0,0.00025199563386238443,Low Risk
0,298.1,308.4,1438,45.6,105,10.299999999999956,6866.767558510426,0,0,0.0004584915677619838,Low Risk
0,297.4,308.1,1348,57.4,66,10.700000000000044,8102.711996334699,0,0,0.001762006926445624,Low Risk
2,300.2,309.3,1342,48.7,68,9.100000000000025,6844.001483747413,0,0,0.0009197175019638351,Low Risk
2,300.2,309.7,1483,43.8,108,9.5,6802.113581699548,0,0,0.00043604879618110257,Low Risk
0,299.1,309.5,1512,39.0,75,10.399999999999975,6175.114519896098,0,0,0.00024349454810523716,Low Risk
0,300.5,310.4,1761,26.5,12,9.899999999999975,4886.904452291603,0,0,0.0010717754015480993,Low Risk
0,301.7,311.2,1521,36.7,130,9.5,5845.530034607992,0,0,0.0002517321685200092,Low Risk
0,302.6,311.9,1598,35.5,69,9.299999999999956,5940.646988183178,0,0,0.0002462204454952672,Low Risk
1,297.5,308.1,1907,23.5,125,10.600000000000025,4692.963465809993,0,0,0.0014370174146830725,Low Risk
0,301.8,311.2,1417,55.9,156,9.399999999999975,8294.883218954787,0,0,0.0181243421215629,Low Risk
2,298.5,309.3,1421,50.3,124,10.800000000000011,7484.980632859338,0,0,0.0013286299830074547,Low Risk
1,299.7,310.2,1440,42.8,30,10.5,6454.08794753487,0,0,0.0009028390147369575,Low Risk
2,300.0,309.4,1498,38.5,37,9.399999999999975,6039.502437016138,0,0,0.0005594687083565848,Low Risk
1,302.4,311.4,1675,29.6,128,9.0,5192.005458832732,0,0,0.00032210934967813687,Low Risk
0,298.1,307.8,1432,49.8,198,9.699999999999989,7467.942728701369,0,0,0.03671350663158167,Low Risk
0,300.8,311.8,1323,61.1,178,11.0,8465.052821024234,0,0,0.1969053520080285,Low Risk
0,297.4,307.9,1557,35.5,174,10.5,5788.2273846065145,0,0,0.00033035137480896576,Low Risk
0,299.1,310.2,1352,52.8,41,11.099999999999966,7475.482551069985,0,0,0.004556691737327891,Low Risk
0,297.4,308.6,1446,48.1,88,11.200000000000044,7283.531239935649,0,0,0.0004535050631576811,Low Risk
0,298.0,307.5,1618,35.2,31,9.5,5964.167045183055,0,0,0.00041397890496253754,Low Risk
0,297.4,308.7,1510,36.2,92,11.300000000000011,5724.191254350842,0,0,0.0003450704854426899,Low Risk
0,297.1,308.5,1578,35.6,46,11.399999999999975,5882.820739406103,0,0,0.00036918548472070705,Low Risk
1,302.2,311.2,1544,43.6,63,9.0,7049.566363047305,0,0,0.00029330801955808615,Low Risk
0,301.1,310.9,1282,67.9,10,9.799999999999956,9115.62429970512,1,1,0.975,High Risk
1,301.8,310.8,1618,37.8,59,9.0,6404.702111020439,0,0,0.000290925214826208,Low Risk
0,303.7,312.6,1702,29.1,141,8.900000000000034,5186.580975517533,0,0,0.010373776558946914,Low Risk
0,300.7,311.8,1420,47.0,119,11.100000000000025,6988.996456686093,0,0,0.0005962260803752564,Low Risk
